-- phpMyAdmin SQL Dump
-- version 4.9.0.1
-- https://www.phpmyadmin.net/
--
-- Host: sql111.byetcluster.com
-- Generation Time: 03 مايو 2025 الساعة 23:19
-- إصدار الخادم: 10.6.19-MariaDB
-- PHP Version: 7.2.22

SET SQL_MODE = "NO_AUTO_VALUE_ON_ZERO";
SET AUTOCOMMIT = 0;
START TRANSACTION;
SET time_zone = "+00:00";


/*!40101 SET @OLD_CHARACTER_SET_CLIENT=@@CHARACTER_SET_CLIENT */;
/*!40101 SET @OLD_CHARACTER_SET_RESULTS=@@CHARACTER_SET_RESULTS */;
/*!40101 SET @OLD_COLLATION_CONNECTION=@@COLLATION_CONNECTION */;
/*!40101 SET NAMES utf8mb4 */;

--
-- Database: `if0_38896706_Matab_uni_isfahan`
--

-- --------------------------------------------------------

--
-- بنية الجدول `bookings`
--

CREATE TABLE `bookings` (
  `id` int(11) NOT NULL,
  `user_id` int(11) NOT NULL,
  `booking_date` datetime NOT NULL,
  `booking_type` varchar(50) NOT NULL,
  `target_name` varchar(255) NOT NULL,
  `status` enum('pending','confirmed','canceled') DEFAULT 'pending',
  `doctor_id` int(11) NOT NULL
) ENGINE=MyISAM DEFAULT CHARSET=utf8mb4 COLLATE=utf8mb4_general_ci;

--
-- إرجاع أو استيراد بيانات الجدول `bookings`
--

INSERT INTO `bookings` (`id`, `user_id`, `booking_date`, `booking_type`, `target_name`, `status`, `doctor_id`) VALUES
(1, 5, '2025-05-04 08:00:00', 'doctor', 'دکتر فردوس نظری', 'pending', 9),
(2, 5, '2025-05-04 14:00:00', 'doctor', 'دکتر شیوا طالبی خرزوقی', 'pending', 5),
(3, 5, '2025-05-09 09:00:00', 'lab', 'آزمایشگاه پارس', 'pending', 0),
(4, 5, '2025-05-05 08:00:00', 'clinic', 'کلینیک شفا', 'pending', 0),
(5, 5, '2025-05-05 11:00:00', 'imaging', 'مرکز تصویربرداری پارس', 'pending', 0),
(6, 5, '2025-05-04 08:00:00', 'lab', 'آزمایشگاه پارس', 'pending', 0),
(7, 5, '2025-05-06 16:00:00', 'doctor', 'دکتر مریم بیدار', 'confirmed', 10),
(8, 5, '2025-05-08 15:00:00', 'doctor', 'دکتر مریم بیدار', 'confirmed', 10),
(10, 5, '2025-05-08 10:00:00', 'doctor', 'دکتر سمانه متقی', 'pending', 41),
(11, 5, '2025-05-09 09:00:00', 'doctor', 'دکتر نازی برهنه پوشان', 'pending', 43),
(12, 5, '2025-05-09 08:00:00', 'doctor', 'دکتر زهرا علامه', 'pending', 44),
(13, 5, '2025-05-06 10:00:00', 'doctor', 'دکتر زهرا فتوحی', 'confirmed', 45),
(14, 5, '2025-05-06 14:00:00', 'doctor', 'دکتر فردوس نظری', 'pending', 9),
(15, 5, '2025-05-06 16:00:00', 'doctor', 'دکتر مهیار ماهوش محمدی', 'pending', 25),
(16, 5, '2025-05-06 10:00:00', 'doctor', 'دکتر بهزاد فتحی', 'pending', 35),
(17, 7, '2025-05-03 15:00:00', 'doctor', 'دکتر آذر دانش شهرکی', 'confirmed', 46),
(18, 7, '2025-05-05 10:00:00', 'clinic', 'کلینیک مسعود', 'pending', 0),
(19, 7, '2025-05-09 09:00:00', 'doctor', 'دکتر آذر دانش شهرکی', 'pending', 46),
(20, 7, '2025-05-03 16:00:00', 'doctor', 'دکتر آذر دانش شهرکی', 'pending', 46);

-- --------------------------------------------------------

--
-- بنية الجدول `cities`
--

CREATE TABLE `cities` (
  `id` int(11) NOT NULL,
  `name` varchar(255) NOT NULL
) ENGINE=InnoDB DEFAULT CHARSET=utf8mb4 COLLATE=utf8mb4_general_ci;

--
-- إرجاع أو استيراد بيانات الجدول `cities`
--

INSERT INTO `cities` (`id`, `name`) VALUES
(1, 'اصفهان'),
(2, 'كرمانشاه'),
(3, 'شیراز'),
(4, 'مشهد'),
(5, 'بوشهر'),
(6, 'تبريز'),
(7, 'رشت'),
(8, 'بندر عباس'),
(9, 'سمنان'),
(10, 'تهران'),
(11, 'كرمان'),
(12, 'همدان'),
(13, 'زنجان'),
(14, 'اردبيل'),
(15, 'كرج'),
(16, 'اهواز');

-- --------------------------------------------------------

--
-- بنية الجدول `clinics`
--

CREATE TABLE `clinics` (
  `id` int(11) NOT NULL,
  `name` varchar(255) NOT NULL,
  `image` varchar(255) NOT NULL,
  `address` varchar(255) NOT NULL,
  `description` text DEFAULT NULL,
  `city_id` int(11) NOT NULL
) ENGINE=MyISAM DEFAULT CHARSET=utf8mb4 COLLATE=utf8mb4_unicode_ci;

--
-- إرجاع أو استيراد بيانات الجدول `clinics`
--

INSERT INTO `clinics` (`id`, `name`, `image`, `address`, `description`, `city_id`) VALUES
(1, 'کلینیک نور', 'https://statics.doctoreto.com/preset:sharp/resize:fill:180:180:0/gravity:sm/plain/s3://drto/avatar/place/2024/1/BZACpSzF52mpNyCSJJnNYTK5JmM8jW4YBomu01Rf.jpg', 'تهران، خیابان ولیعصر', 'کلینیک تخصصی قلب', 3),
(2, 'کلینیک مسعود', 'https://statics.doctoreto.com/preset:sharp/resize:fill:180:180:0/gravity:sm/plain/s3://drto/avatar/place/2024/9/2DVzAWpkgUvVuKvabBcNF2kQjBlRczMlSAdzhyQE.jpg', 'اصفهان، خیابان چهارباغ', 'فوق تخصص گوارش و کبد\r\n\r\nتخصص رادیولوژی (تصویربرداری)\r\n\r\nفوق تخصص غدد و متابولیسم\r\n\r\nفوق تخصص جراحی قلب و عروق\r\n\r\nتخصص قلب و عروق', 1);

-- --------------------------------------------------------

--
-- بنية الجدول `clinic_appointments`
--

CREATE TABLE `clinic_appointments` (
  `id` int(11) NOT NULL,
  `clinic_id` int(11) NOT NULL,
  `appointment_date` date NOT NULL,
  `start_time` time NOT NULL,
  `end_time` time NOT NULL,
  `status` enum('available','booked') DEFAULT 'available',
  `created_at` timestamp NOT NULL DEFAULT current_timestamp()
) ENGINE=MyISAM DEFAULT CHARSET=utf8mb4 COLLATE=utf8mb4_general_ci;

--
-- إرجاع أو استيراد بيانات الجدول `clinic_appointments`
--

INSERT INTO `clinic_appointments` (`id`, `clinic_id`, `appointment_date`, `start_time`, `end_time`, `status`, `created_at`) VALUES
(1, 1, '2025-05-09', '08:00:00', '09:00:00', 'available', '2025-04-27 19:50:57'),
(2, 1, '2025-05-09', '09:00:00', '10:00:00', 'available', '2025-04-27 19:50:57'),
(3, 1, '2025-05-09', '10:00:00', '11:00:00', 'available', '2025-04-27 19:50:57'),
(4, 1, '2025-05-09', '11:00:00', '12:00:00', 'available', '2025-04-27 19:50:57'),
(5, 1, '2025-05-09', '12:00:00', '13:00:00', 'available', '2025-04-27 19:50:57'),
(6, 1, '2025-05-09', '13:00:00', '14:00:00', 'available', '2025-04-27 19:50:57'),
(7, 1, '2025-05-03', '08:00:00', '09:00:00', 'available', '2025-04-27 19:50:57'),
(8, 1, '2025-05-03', '09:00:00', '10:00:00', 'available', '2025-04-27 19:50:57'),
(9, 1, '2025-05-03', '10:00:00', '11:00:00', 'available', '2025-04-27 19:50:57'),
(10, 1, '2025-05-03', '11:00:00', '12:00:00', 'available', '2025-04-27 19:50:57'),
(11, 1, '2025-05-03', '12:00:00', '13:00:00', 'available', '2025-04-27 19:50:57'),
(12, 1, '2025-05-03', '13:00:00', '14:00:00', 'available', '2025-04-27 19:50:57'),
(13, 1, '2025-05-04', '08:00:00', '09:00:00', 'available', '2025-04-27 19:50:57'),
(14, 1, '2025-05-04', '09:00:00', '10:00:00', 'available', '2025-04-27 19:50:57'),
(15, 1, '2025-05-04', '10:00:00', '11:00:00', 'available', '2025-04-27 19:50:57'),
(16, 1, '2025-05-04', '11:00:00', '12:00:00', 'available', '2025-04-27 19:50:57'),
(17, 1, '2025-05-04', '12:00:00', '13:00:00', 'available', '2025-04-27 19:50:57'),
(18, 1, '2025-05-04', '13:00:00', '14:00:00', 'available', '2025-04-27 19:50:57'),
(19, 1, '2025-05-05', '08:00:00', '09:00:00', 'available', '2025-04-27 19:50:57'),
(20, 1, '2025-05-05', '09:00:00', '10:00:00', 'available', '2025-04-27 19:50:57'),
(21, 1, '2025-05-05', '10:00:00', '11:00:00', 'available', '2025-04-27 19:50:57'),
(22, 1, '2025-05-05', '11:00:00', '12:00:00', 'available', '2025-04-27 19:50:57'),
(23, 1, '2025-05-05', '12:00:00', '13:00:00', 'available', '2025-04-27 19:50:57'),
(24, 1, '2025-05-05', '13:00:00', '14:00:00', 'available', '2025-04-27 19:50:57'),
(25, 1, '2025-05-06', '08:00:00', '09:00:00', 'available', '2025-04-27 19:50:57'),
(26, 1, '2025-05-06', '09:00:00', '10:00:00', 'available', '2025-04-27 19:50:57'),
(27, 1, '2025-05-06', '10:00:00', '11:00:00', 'available', '2025-04-27 19:50:57'),
(28, 1, '2025-05-06', '11:00:00', '12:00:00', 'available', '2025-04-27 19:50:57'),
(29, 1, '2025-05-06', '12:00:00', '13:00:00', 'available', '2025-04-27 19:50:57'),
(30, 1, '2025-05-06', '13:00:00', '14:00:00', 'available', '2025-04-27 19:50:57'),
(31, 2, '2025-05-09', '08:00:00', '09:00:00', 'available', '2025-04-27 19:50:57'),
(32, 2, '2025-05-09', '09:00:00', '10:00:00', 'available', '2025-04-27 19:50:57'),
(33, 2, '2025-05-09', '10:00:00', '11:00:00', 'available', '2025-04-27 19:50:57'),
(34, 2, '2025-05-09', '11:00:00', '12:00:00', 'available', '2025-04-27 19:50:57'),
(35, 2, '2025-05-09', '12:00:00', '13:00:00', 'available', '2025-04-27 19:50:57'),
(36, 2, '2025-05-09', '13:00:00', '14:00:00', 'available', '2025-04-27 19:50:57'),
(37, 2, '2025-05-03', '08:00:00', '09:00:00', 'available', '2025-04-27 19:50:57'),
(38, 2, '2025-05-03', '09:00:00', '10:00:00', 'available', '2025-04-27 19:50:57'),
(39, 2, '2025-05-03', '10:00:00', '11:00:00', 'available', '2025-04-27 19:50:57'),
(40, 2, '2025-05-03', '11:00:00', '12:00:00', 'available', '2025-04-27 19:50:57'),
(41, 2, '2025-05-03', '12:00:00', '13:00:00', 'available', '2025-04-27 19:50:57'),
(42, 2, '2025-05-03', '13:00:00', '14:00:00', 'available', '2025-04-27 19:50:57'),
(43, 2, '2025-05-04', '08:00:00', '09:00:00', 'available', '2025-04-27 19:50:57'),
(44, 2, '2025-05-04', '09:00:00', '10:00:00', 'available', '2025-04-27 19:50:57'),
(45, 2, '2025-05-04', '10:00:00', '11:00:00', 'available', '2025-04-27 19:50:57'),
(46, 2, '2025-05-04', '11:00:00', '12:00:00', 'available', '2025-04-27 19:50:57'),
(47, 2, '2025-05-04', '12:00:00', '13:00:00', 'available', '2025-04-27 19:50:57'),
(48, 2, '2025-05-04', '13:00:00', '14:00:00', 'available', '2025-04-27 19:50:57'),
(49, 2, '2025-05-05', '08:00:00', '09:00:00', 'booked', '2025-04-27 19:50:57'),
(50, 2, '2025-05-05', '09:00:00', '10:00:00', 'available', '2025-04-27 19:50:57'),
(51, 2, '2025-05-05', '10:00:00', '11:00:00', 'booked', '2025-04-27 19:50:57'),
(52, 2, '2025-05-05', '11:00:00', '12:00:00', 'available', '2025-04-27 19:50:57'),
(53, 2, '2025-05-05', '12:00:00', '13:00:00', 'available', '2025-04-27 19:50:57'),
(54, 2, '2025-05-05', '13:00:00', '14:00:00', 'available', '2025-04-27 19:50:57'),
(55, 2, '2025-05-06', '08:00:00', '09:00:00', 'available', '2025-04-27 19:50:57'),
(56, 2, '2025-05-06', '09:00:00', '10:00:00', 'available', '2025-04-27 19:50:57'),
(57, 2, '2025-05-06', '10:00:00', '11:00:00', 'available', '2025-04-27 19:50:57'),
(58, 2, '2025-05-06', '11:00:00', '12:00:00', 'available', '2025-04-27 19:50:57'),
(59, 2, '2025-05-06', '12:00:00', '13:00:00', 'available', '2025-04-27 19:50:57'),
(60, 2, '2025-05-06', '13:00:00', '14:00:00', 'available', '2025-04-27 19:50:57');

-- --------------------------------------------------------

--
-- بنية الجدول `doctors`
--

CREATE TABLE `doctors` (
  `id` int(11) NOT NULL,
  `name` varchar(255) NOT NULL,
  `specialty` varchar(255) NOT NULL,
  `examination_fee` int(11) NOT NULL,
  `clinic_address` varchar(255) NOT NULL,
  `image` varchar(255) NOT NULL,
  `credential_id` int(11) DEFAULT NULL
) ENGINE=InnoDB DEFAULT CHARSET=utf8mb4 COLLATE=utf8mb4_general_ci;

--
-- إرجاع أو استيراد بيانات الجدول `doctors`
--

INSERT INTO `doctors` (`id`, `name`, `specialty`, `examination_fee`, `clinic_address`, `image`, `credential_id`) VALUES
(1, 'دکتر کامبیز آقاصادقی', 'فوق تخصص ریه', 80000, 'شیراز، خیابان قصرالدشت، نبش بلوار مهر، ساختمان نگین، روبه روی رستوران عصرانه', 'https://statics.doctoreto.com/preset:sharp/resize:fill:180:180:0/gravity:sm/plain/s3://drto/avatar/doctor/2021/11/YerJjqKYYRSLiTmNakzeLEwtEfOpLgi3OEW0ZLZC.jpg', 1),
(2, 'دکتر لطف اله خادم سهی', 'تخصص ارتوپدی', 120000, 'اصفهان، بزرگمهر، روبروی بیمارستان شهید صدوقی، کوچه 35 (طاووسی)، ساختمان طاووسی', 'https://statics.doctoreto.com/preset:sharp/resize:fill:180:180:0/gravity:sm/plain/s3://drto/avatar/doctor/2023/8/7ufAsMzqHRKEfKzsJjPc4jm2zxiJND8r0bE2dHQx.jpg', 2),
(3, 'دکتر حمیدرضا شرکت العباسیه', 'فوق تخصص بیماری های عفونی کودکان', 96000, 'خرم آباد، شهدای شرقی، کوچه شهید خلفوند، ساختمان پزشکان تابان طبقه دوم', 'https://statics.doctoreto.com/preset:sharp/resize:fill:180:180:0/gravity:sm/plain/s3://drto/avatar/doctor/2021/12/QX0kZsTIoYgrgdPmooHdwCITklFzdLFN60HaIdQn.jpg', 3),
(4, 'دکتر پگاه کتیبه', 'فوق تخصص بیماری های مغز و اعصاب کودکان', 110000, 'شیراز، خیابان زند، روبروی هتل پارس، جنب باجه بانک شهر، ساختمان 490، طبقه اول', 'https://statics.doctoreto.com/preset:sharp/resize:fill:180:180:0/gravity:sm/plain/s3://drto/avatar/doctor/2022/12/sdfvsBZfEdbdKRdNIyhcRCy0uOQtBcmaPLm42Igw.jpg', 4),
(5, 'دکتر شیوا طالبی خرزوقی', 'تخصص زنان، زایمان و نازایی', 89000, 'اصفهان، خیابان شمس آبادی، بعد از چهارراه قصر، روبروی مرکز تحقیقات معلمان، ساختمان پزشکی مسیح، طبقه اول، واحد 12', 'https://statics.doctoreto.com/preset:sharp/resize:fill:180:180:0/gravity:sm/plain/s3://drto/avatar/doctor/2021/12/cqrvpJ0yTIf70xYWTZh2JFJY9ZUk63DBKFhYTtKS.jpg', 5),
(6, 'دکتر حمیدرضا معظم', 'تخصص کودکان و اطفال', 150000, 'شیراز، خیابان میرزای شیرازی، بعد از بیمارستان کوثر، رو به روی بانک مسکن، بین کوچه 20 و 22، مجتمع پزشکی شاهد، طبقه 3', 'https://statics.doctoreto.com/preset:sharp/resize:fill:180:180:0/gravity:sm/plain/s3://drto/avatar/doctor/2021/11/9LbZmUqFv0yc5c4uk2GVmMq1pHiMhicU81BxY8K1.jpg', 6),
(7, 'دکتر بهنام مقدادی', 'تخصص کودکان و اطفال', 90000, 'تهران، خیابان فرجام غربی، تقاطع فرجام و شهید آیت (میدان صدم)، ساختمان پزشکان نگین، واحد 3', 'https://statics.doctoreto.com/preset:sharp/resize:fill:180:180:0/gravity:sm/plain/s3://drto/avatar/doctor/2024/11/CgM8CDsXZo2wXK7WZwyvhoFBzlYzk7AqJHgUkw5g.jpg', 7),
(8, 'دکتر بهروز مقدادی', 'تخصص کودکان و اطفال', 88000, 'تهران، بلوار شهران شمالی، بالاتر از فلکه دوم شهران، بعد از مسجد امام علی، ساختمان داروخانه شبانه روزی دکتر کریمان، طبقه سوم، بلوک شرقی، واحد 31', 'https://statics.doctoreto.com/preset:sharp/resize:fill:180:180:0/gravity:sm/plain/s3://drto/avatar/doctor/2021/11/cwLjGvJuCLLs1gwidcB4jxteoW3NOT4sSuz4Lvyc.jpg', 8),
(9, 'دکتر فردوس نظری', 'مغز و اعصاب (نورولوژی)', 150000, 'اهواز، خیابان کیانپارس، خیابان پهلوان شرقی، ساختمان جام جم، طبق4، واحد3', 'https://statics.doctoreto.com/preset:sharp/resize:fill:180:180:0/gravity:sm/plain/s3://drto/avatar/doctor/2021/11/OwLvUiLna1fijs0TisePcXU6vNPOtq1ryPAV6h1E.jpg', 9),
(10, 'دکتر مریم بیدار', 'دندانپزشک', 120000, 'مشهد، بلوار سجاد، بین سجاد 2 و 4، پلاک 58، طبقه 2', 'https://statics.doctoreto.com/preset:sharp/resize:fill:180:180:0/gravity:sm/plain/s3://drto/avatar/doctor/2023/8/vzyiSBDxLP1OdbbMynaSrVEPyLmdQCYlhcXY1Shi.jpg', 10),
(11, 'دکتر پژمان فرشیدمهر', 'قلب و عروق', 550000, 'اصفهان', 'https://mystatic.ir/v1/doctor/profile_photo/209323', 999),
(12, 'دکتر حسین عدل خو', 'مغز و اعصاب (نورولوژی)', 600000, 'كرمانشاه', 'https://mystatic.ir/v1/doctor/profile_photo/318775', 999),
(13, 'دکتر میثم رضایی', 'دندانپزشک', 400000, 'شيراز', 'https://mystatic.ir/v1/doctor/profile_photo/104000', 999),
(14, 'دکتر متینا پورقاسم', 'اعصاب و روان (روانپزشکی)', 500000, 'مشهد', 'https://mystatic.ir/v1/doctor/profile_photo/130745', 999),
(15, 'دکتر زهرا جوزانی کهن', 'ریه', 450000, 'بوشهر', 'https://mystatic.ir/v1/doctor/profile_photo/313111', 999),
(16, 'دکتر فاطمه شعبانی', 'پوست و مو', 470000, 'تبريز', 'https://mystatic.ir/v1/doctor/profile_photo/125614', 999),
(17, 'دکتر پگاه یاوری', 'چشم پزشکی', 530000, 'رشت', 'https://mystatic.ir/v1/doctor/profile_photo/227798', 999),
(18, 'دکتر محمد ریاستی', 'زنان و زایمان و نازایی', 580000, 'بندر عباس', 'https://mystatic.ir/v1/doctor/profile_photo/127666', 999),
(19, 'نعیم مهیاری', 'اورولوژی', 500000, 'سمنان', 'https://mystatic.ir/v1/doctor/profile_photo/298287', 999),
(20, 'دکتر کیا نیک منش', 'ارتوپدی', 700000, 'تهران', 'https://mystatic.ir/v1/doctor/profile_photo/325369', 999),
(21, 'دکتر بشرا پوربشاش', 'خون وسرطان', 650000, 'كرمان', 'https://mystatic.ir/v1/doctor/profile_photo/290029', 999),
(22, 'دکتر کیسان موذنی', 'تصویربرداری (رادیولوژی)', 400000, 'همدان', 'https://mystatic.ir/v1/doctor/profile_photo/312523', 999),
(23, 'دکتر مصطفی دهبندی', 'گوارش', 550000, 'زنجان', 'https://mystatic.ir/v1/doctor/profile_photo/328440', 999),
(24, 'دکتر سوده رودباری', 'كبد', 580000, 'اردبيل', 'https://mystatic.ir/v1/doctor/profile_photo/128345', 999),
(25, 'دکتر مهیار ماهوش محمدی', 'زیبایی', 600000, 'كرج', 'https://encrypted-tbn0.gstatic.com/images?q=tbn:ANd9GcQ9gA_TcpUthD1sH__2k3gk5sctDdsIpFK7Ww&s', 999),
(26, 'دکتر سارا مرادنیام', 'گوش، حلق و بینی', 500000, 'اهواز', 'https://mystatic.ir/v1/doctor/profile_photo/322618', 999),
(27, 'دکتر احمد تشکری بهشتی', 'قلب و عروق', 530000, 'اصفهان', 'https://mystatic.ir/v1/doctor/profile_photo/325220', 999),
(28, 'دکتر آیدین صورتگر', 'دندانپزشک', 400000, 'كرمانشاه', 'https://encrypted-tbn0.gstatic.com/images?q=tbn:ANd9GcQ-6lOpkq45BaNEFp4zEs0Rm3qp5niqqVsoxQ&s', 999),
(29, 'دکتر محمد ظهوری', 'پوست و مو', 480000, 'شيراز', 'https://mystatic.ir/v1/doctor/profile_photo/333970', 999),
(30, 'دکتر محمدرضا جعفری', 'اعصاب و روان (روانپزشکی)', 520000, 'مشهد', 'https://mystatic.ir/v1/doctor/profile_photo/324227', 999),
(31, 'دکتر مریم السادات هاشمی', 'چشم پزشکی', 550000, 'بوشهر', 'https://mystatic.ir/v1/doctor/profile_photo/229918', 999),
(32, 'دکتر شهریار شهریاری', 'زنان و زایمان و نازایی', 600000, 'تبريز', 'https://mystatic.ir/v1/doctor/profile_photo/325366', 999),
(33, 'دکتر سمیرا کسایی کوپایی', 'اورولوژی', 500000, 'رشت', 'https://mystatic.ir/v1/doctor/profile_photo/328601', 999),
(34, 'دکتر فریبا انصاری', 'ارتوپدی', 700000, 'بندر عباس', 'https://mystatic.ir/v1/doctor/profile_photo/261101', 999),
(35, 'دکتر بهزاد فتحی', 'خون وسرطان', 650000, 'سمنان', 'https://mystatic.ir/v1/doctor/profile_photo/212250', 999),
(36, 'دکتر نسترن محمدی', 'ریه', 460000, 'تهران', 'https://mystatic.ir/v1/doctor/profile_photo/277295', 999),
(37, 'دکتر علیرضا کاظمی', 'تصویربرداری (رادیولوژی)', 420000, 'كرمان', 'https://mystatic.ir/v1/doctor/profile_photo/225235', 999),
(38, 'دکتر فرزاد نیک‌فر', 'گوارش', 560000, 'همدان', 'https://mystatic.ir/v1/doctor/profile_photo/323305', 999),
(39, 'دکتر زهره موسوی', 'كبد', 580000, 'زنجان', 'https://mystatic.ir/v1/doctor/profile_photo/320524', 999),
(40, 'دکتر سجاد زارع', 'زیبایی', 600000, 'اردبيل', 'https://mystatic.ir/v1/doctor/profile_photo/120527', 999),
(41, 'دکتر سمانه متقی', 'اعصاب و روان (روانپزشکی)', 900000, 'تهران، تجریش، میدان نیاوران، بعد از سه راه اقدسیه، نبش نارنجستان 12، پلاک 577', 'https://statics.doctoreto.com/preset:sharp/resize:fill:180:180:0/gravity:sm/plain/s3://drto/avatar/doctor/2021/11/QPmCWAJ4KTGV20hDYmcGKDUzJxnStDAW2gFXFj8K.jpg', 12),
(42, 'دکتر مهرنوش مهربد', 'ارتوپدی', 120000, 'اصفهان، خیابان بزرگمهر، مقابل بیمارستان صدوقی، ابتدای رکن الدوله، سمت راست، طبقه اول', 'https://statics.doctoreto.com/preset:sharp/resize:fill:180:180:0/gravity:sm/plain/s3://drto/avatar/doctor/2021/12/0Ec1kHi4oDOwfehsYlyzXnKZab2VbCRrRxbWXNy0.jpg', 13),
(43, 'دکتر نازی برهنه پوشان', 'دندانپزشک', 120000, 'تهران،خیابان سهروردی شمالی ،خیابان خرمشهر (آپادانا سابق) پلاک 117 (مقابل خیابان صابونچی)طبقه 4 واحد 12', 'https://statics.doctoreto.com/preset:sharp/resize:fill:180:180:0/gravity:sm/plain/s3://drto/avatar/doctor/2023/9/MnOyCrnIcgpIRhQAaqUGHoeqBdIThMZBhx6dNSEu.jpg', 14),
(44, 'دکتر زهرا علامه', 'زنان و زایمان و نازایی', 300000, 'اصفهان، خیابان بزرگمهر، چهارراه هشت بهشت، ابتدای هشت بهشت غربی، ساختمان سارا، طبقه اول', 'https://statics.doctoreto.com/preset:sharp/resize:fill:180:180:0/gravity:sm/plain/s3://drto/avatar/doctor/2021/12/mIqen7HXI1RngJY228FFo9g9NLDfayBqFFdnLBy7.jpg', 15),
(45, 'دکتر زهرا فتوحی', 'زنان و زایمان و نازایی', 300000, 'اصفهان، خیابان نظر شرقی، نزدیک چهارراه توحید، مجتمع تجاری جلفا، طبقه 5، پلاک 13', 'https://statics.doctoreto.com/preset:sharp/resize:fill:180:180:0/gravity:sm/plain/s3://drto/avatar/doctor/2023/7/Iv5O3zK66EVsoYfrfQxa2uxAIus90WcYyUIo1AMU.jpg', 16),
(46, 'دکتر آذر دانش شهرکی', 'زنان و زایمان و نازایی', 200000, 'اصفهان، خیابان محتشم کاشانی، مقابل ام آر آی سپاهان، مجتمع پردیس جنوبی، طبقه 2', 'https://statics.doctoreto.com/preset:sharp/resize:fill:180:180:0/gravity:sm/plain/s3://drto/avatar/doctor/2023/7/KOy49Xbi14YC0KbTSxoF0S2v4tjYVyj1NdsjdpuP.jpg', 17);

-- --------------------------------------------------------

--
-- بنية الجدول `doctor_appointments`
--

CREATE TABLE `doctor_appointments` (
  `id` int(11) NOT NULL,
  `doctor_id` int(11) NOT NULL,
  `appointment_date` date NOT NULL,
  `start_time` time NOT NULL,
  `end_time` time NOT NULL,
  `shift` enum('morning','afternoon') NOT NULL,
  `status` enum('available','booked') DEFAULT 'available',
  `created_at` timestamp NOT NULL DEFAULT current_timestamp()
) ENGINE=MyISAM DEFAULT CHARSET=utf8mb4 COLLATE=utf8mb4_general_ci;

--
-- إرجاع أو استيراد بيانات الجدول `doctor_appointments`
--

INSERT INTO `doctor_appointments` (`id`, `doctor_id`, `appointment_date`, `start_time`, `end_time`, `shift`, `status`, `created_at`) VALUES
(1, 1, '2025-05-04', '08:00:00', '09:00:00', 'morning', 'available', '2025-04-27 19:22:08'),
(2, 1, '2025-05-04', '09:00:00', '10:00:00', 'morning', 'available', '2025-04-27 19:22:08'),
(3, 1, '2025-05-04', '10:00:00', '11:00:00', 'morning', 'available', '2025-04-27 19:22:08'),
(4, 1, '2025-05-04', '11:00:00', '12:00:00', 'morning', 'available', '2025-04-27 19:22:08'),
(5, 1, '2025-05-06', '14:00:00', '15:00:00', 'afternoon', 'available', '2025-04-27 19:22:08'),
(6, 1, '2025-05-06', '15:00:00', '16:00:00', 'afternoon', 'available', '2025-04-27 19:22:08'),
(7, 1, '2025-05-06', '16:00:00', '17:00:00', 'afternoon', 'available', '2025-04-27 19:22:08'),
(8, 1, '2025-05-06', '17:00:00', '18:00:00', 'afternoon', 'available', '2025-04-27 19:22:08'),
(9, 1, '2025-05-08', '14:00:00', '15:00:00', 'afternoon', 'available', '2025-04-27 19:22:08'),
(10, 1, '2025-05-08', '15:00:00', '16:00:00', 'afternoon', 'available', '2025-04-27 19:22:08'),
(11, 1, '2025-05-08', '16:00:00', '17:00:00', 'afternoon', 'available', '2025-04-27 19:22:08'),
(12, 1, '2025-05-08', '17:00:00', '18:00:00', 'afternoon', 'available', '2025-04-27 19:22:08'),
(13, 2, '2025-05-04', '14:00:00', '15:00:00', 'afternoon', 'available', '2025-04-27 19:22:08'),
(14, 2, '2025-05-04', '15:00:00', '16:00:00', 'afternoon', 'available', '2025-04-27 19:22:08'),
(15, 2, '2025-05-04', '16:00:00', '17:00:00', 'afternoon', 'available', '2025-04-27 19:22:08'),
(16, 2, '2025-05-04', '17:00:00', '18:00:00', 'afternoon', 'available', '2025-04-27 19:22:08'),
(17, 2, '2025-05-06', '14:00:00', '15:00:00', 'afternoon', 'available', '2025-04-27 19:22:08'),
(18, 2, '2025-05-06', '15:00:00', '16:00:00', 'afternoon', 'available', '2025-04-27 19:22:08'),
(19, 2, '2025-05-06', '16:00:00', '17:00:00', 'afternoon', 'available', '2025-04-27 19:22:08'),
(20, 2, '2025-05-06', '17:00:00', '18:00:00', 'afternoon', 'available', '2025-04-27 19:22:08'),
(21, 2, '2025-05-08', '08:00:00', '09:00:00', 'morning', 'available', '2025-04-27 19:22:08'),
(22, 2, '2025-05-08', '09:00:00', '10:00:00', 'morning', 'available', '2025-04-27 19:22:08'),
(23, 2, '2025-05-08', '10:00:00', '11:00:00', 'morning', 'available', '2025-04-27 19:22:08'),
(24, 2, '2025-05-08', '11:00:00', '12:00:00', 'morning', 'available', '2025-04-27 19:22:08'),
(25, 3, '2025-05-04', '14:00:00', '15:00:00', 'afternoon', 'available', '2025-04-27 19:22:08'),
(26, 3, '2025-05-04', '15:00:00', '16:00:00', 'afternoon', 'available', '2025-04-27 19:22:08'),
(27, 3, '2025-05-04', '16:00:00', '17:00:00', 'afternoon', 'available', '2025-04-27 19:22:08'),
(28, 3, '2025-05-04', '17:00:00', '18:00:00', 'afternoon', 'available', '2025-04-27 19:22:08'),
(29, 3, '2025-05-06', '14:00:00', '15:00:00', 'afternoon', 'available', '2025-04-27 19:22:08'),
(30, 3, '2025-05-06', '15:00:00', '16:00:00', 'afternoon', 'available', '2025-04-27 19:22:08'),
(31, 3, '2025-05-06', '16:00:00', '17:00:00', 'afternoon', 'available', '2025-04-27 19:22:08'),
(32, 3, '2025-05-06', '17:00:00', '18:00:00', 'afternoon', 'available', '2025-04-27 19:22:08'),
(33, 3, '2025-05-08', '14:00:00', '15:00:00', 'afternoon', 'available', '2025-04-27 19:22:08'),
(34, 3, '2025-05-08', '15:00:00', '16:00:00', 'afternoon', 'available', '2025-04-27 19:22:08'),
(35, 3, '2025-05-08', '16:00:00', '17:00:00', 'afternoon', 'available', '2025-04-27 19:22:08'),
(36, 3, '2025-05-08', '17:00:00', '18:00:00', 'afternoon', 'available', '2025-04-27 19:22:08'),
(37, 4, '2025-05-04', '08:00:00', '09:00:00', 'morning', 'available', '2025-04-27 19:22:08'),
(38, 4, '2025-05-04', '09:00:00', '10:00:00', 'morning', 'available', '2025-04-27 19:22:08'),
(39, 4, '2025-05-04', '10:00:00', '11:00:00', 'morning', 'available', '2025-04-27 19:22:08'),
(40, 4, '2025-05-04', '11:00:00', '12:00:00', 'morning', 'available', '2025-04-27 19:22:08'),
(41, 4, '2025-05-06', '08:00:00', '09:00:00', 'morning', 'available', '2025-04-27 19:22:08'),
(42, 4, '2025-05-06', '09:00:00', '10:00:00', 'morning', 'available', '2025-04-27 19:22:08'),
(43, 4, '2025-05-06', '10:00:00', '11:00:00', 'morning', 'available', '2025-04-27 19:22:08'),
(44, 4, '2025-05-06', '11:00:00', '12:00:00', 'morning', 'available', '2025-04-27 19:22:08'),
(45, 4, '2025-05-08', '08:00:00', '09:00:00', 'morning', 'available', '2025-04-27 19:22:08'),
(46, 4, '2025-05-08', '09:00:00', '10:00:00', 'morning', 'available', '2025-04-27 19:22:08'),
(47, 4, '2025-05-08', '10:00:00', '11:00:00', 'morning', 'available', '2025-04-27 19:22:08'),
(48, 4, '2025-05-08', '11:00:00', '12:00:00', 'morning', 'available', '2025-04-27 19:22:08'),
(49, 5, '2025-05-04', '14:00:00', '15:00:00', 'afternoon', 'booked', '2025-04-27 19:22:08'),
(50, 5, '2025-05-04', '15:00:00', '16:00:00', 'afternoon', 'available', '2025-04-27 19:22:08'),
(51, 5, '2025-05-04', '16:00:00', '17:00:00', 'afternoon', 'available', '2025-04-27 19:22:08'),
(52, 5, '2025-05-04', '17:00:00', '18:00:00', 'afternoon', 'available', '2025-04-27 19:22:08'),
(53, 5, '2025-05-06', '14:00:00', '15:00:00', 'afternoon', 'available', '2025-04-27 19:22:08'),
(54, 5, '2025-05-06', '15:00:00', '16:00:00', 'afternoon', 'available', '2025-04-27 19:22:08'),
(55, 5, '2025-05-06', '16:00:00', '17:00:00', 'afternoon', 'available', '2025-04-27 19:22:08'),
(56, 5, '2025-05-06', '17:00:00', '18:00:00', 'afternoon', 'available', '2025-04-27 19:22:08'),
(57, 5, '2025-05-08', '14:00:00', '15:00:00', 'afternoon', 'available', '2025-04-27 19:22:08'),
(58, 5, '2025-05-08', '15:00:00', '16:00:00', 'afternoon', 'available', '2025-04-27 19:22:08'),
(59, 5, '2025-05-08', '16:00:00', '17:00:00', 'afternoon', 'available', '2025-04-27 19:22:08'),
(60, 5, '2025-05-08', '17:00:00', '18:00:00', 'afternoon', 'available', '2025-04-27 19:22:08'),
(61, 6, '2025-05-04', '14:00:00', '15:00:00', 'afternoon', 'available', '2025-04-27 19:22:08'),
(62, 6, '2025-05-04', '15:00:00', '16:00:00', 'afternoon', 'available', '2025-04-27 19:22:08'),
(63, 6, '2025-05-04', '16:00:00', '17:00:00', 'afternoon', 'available', '2025-04-27 19:22:08'),
(64, 6, '2025-05-04', '17:00:00', '18:00:00', 'afternoon', 'available', '2025-04-27 19:22:08'),
(65, 6, '2025-05-06', '14:00:00', '15:00:00', 'afternoon', 'available', '2025-04-27 19:22:08'),
(66, 6, '2025-05-06', '15:00:00', '16:00:00', 'afternoon', 'available', '2025-04-27 19:22:08'),
(67, 6, '2025-05-06', '16:00:00', '17:00:00', 'afternoon', 'available', '2025-04-27 19:22:08'),
(68, 6, '2025-05-06', '17:00:00', '18:00:00', 'afternoon', 'available', '2025-04-27 19:22:08'),
(69, 6, '2025-05-08', '14:00:00', '15:00:00', 'afternoon', 'available', '2025-04-27 19:22:08'),
(70, 6, '2025-05-08', '15:00:00', '16:00:00', 'afternoon', 'available', '2025-04-27 19:22:08'),
(71, 6, '2025-05-08', '16:00:00', '17:00:00', 'afternoon', 'available', '2025-04-27 19:22:08'),
(72, 6, '2025-05-08', '17:00:00', '18:00:00', 'afternoon', 'available', '2025-04-27 19:22:08'),
(73, 7, '2025-05-04', '08:00:00', '09:00:00', 'morning', 'available', '2025-04-27 19:22:08'),
(74, 7, '2025-05-04', '09:00:00', '10:00:00', 'morning', 'available', '2025-04-27 19:22:08'),
(75, 7, '2025-05-04', '10:00:00', '11:00:00', 'morning', 'available', '2025-04-27 19:22:08'),
(76, 7, '2025-05-04', '11:00:00', '12:00:00', 'morning', 'available', '2025-04-27 19:22:08'),
(77, 7, '2025-05-06', '08:00:00', '09:00:00', 'morning', 'available', '2025-04-27 19:22:08'),
(78, 7, '2025-05-06', '09:00:00', '10:00:00', 'morning', 'available', '2025-04-27 19:22:08'),
(79, 7, '2025-05-06', '10:00:00', '11:00:00', 'morning', 'available', '2025-04-27 19:22:08'),
(80, 7, '2025-05-06', '11:00:00', '12:00:00', 'morning', 'available', '2025-04-27 19:22:08'),
(81, 7, '2025-05-08', '14:00:00', '15:00:00', 'afternoon', 'available', '2025-04-27 19:22:08'),
(82, 7, '2025-05-08', '15:00:00', '16:00:00', 'afternoon', 'available', '2025-04-27 19:22:08'),
(83, 7, '2025-05-08', '16:00:00', '17:00:00', 'afternoon', 'available', '2025-04-27 19:22:08'),
(84, 7, '2025-05-08', '17:00:00', '18:00:00', 'afternoon', 'available', '2025-04-27 19:22:08'),
(85, 8, '2025-05-04', '08:00:00', '09:00:00', 'morning', 'available', '2025-04-27 19:22:08'),
(86, 8, '2025-05-04', '09:00:00', '10:00:00', 'morning', 'available', '2025-04-27 19:22:08'),
(87, 8, '2025-05-04', '10:00:00', '11:00:00', 'morning', 'available', '2025-04-27 19:22:08'),
(88, 8, '2025-05-04', '11:00:00', '12:00:00', 'morning', 'available', '2025-04-27 19:22:08'),
(89, 8, '2025-05-06', '08:00:00', '09:00:00', 'morning', 'available', '2025-04-27 19:22:08'),
(90, 8, '2025-05-06', '09:00:00', '10:00:00', 'morning', 'available', '2025-04-27 19:22:08'),
(91, 8, '2025-05-06', '10:00:00', '11:00:00', 'morning', 'available', '2025-04-27 19:22:08'),
(92, 8, '2025-05-06', '11:00:00', '12:00:00', 'morning', 'available', '2025-04-27 19:22:08'),
(93, 8, '2025-05-08', '14:00:00', '15:00:00', 'afternoon', 'available', '2025-04-27 19:22:08'),
(94, 8, '2025-05-08', '15:00:00', '16:00:00', 'afternoon', 'available', '2025-04-27 19:22:08'),
(95, 8, '2025-05-08', '16:00:00', '17:00:00', 'afternoon', 'available', '2025-04-27 19:22:08'),
(96, 8, '2025-05-08', '17:00:00', '18:00:00', 'afternoon', 'available', '2025-04-27 19:22:08'),
(97, 9, '2025-05-04', '08:00:00', '09:00:00', 'morning', 'booked', '2025-04-27 19:22:08'),
(98, 9, '2025-05-04', '09:00:00', '10:00:00', 'morning', 'available', '2025-04-27 19:22:08'),
(99, 9, '2025-05-04', '10:00:00', '11:00:00', 'morning', 'available', '2025-04-27 19:22:08'),
(100, 9, '2025-05-04', '11:00:00', '12:00:00', 'morning', 'available', '2025-04-27 19:22:08'),
(101, 9, '2025-05-06', '14:00:00', '15:00:00', 'afternoon', 'booked', '2025-04-27 19:22:08'),
(102, 9, '2025-05-06', '15:00:00', '16:00:00', 'afternoon', 'available', '2025-04-27 19:22:08'),
(103, 9, '2025-05-06', '16:00:00', '17:00:00', 'afternoon', 'available', '2025-04-27 19:22:08'),
(104, 9, '2025-05-06', '17:00:00', '18:00:00', 'afternoon', 'available', '2025-04-27 19:22:08'),
(105, 9, '2025-05-08', '14:00:00', '15:00:00', 'afternoon', 'available', '2025-04-27 19:22:08'),
(106, 9, '2025-05-08', '15:00:00', '16:00:00', 'afternoon', 'available', '2025-04-27 19:22:08'),
(107, 9, '2025-05-08', '16:00:00', '17:00:00', 'afternoon', 'available', '2025-04-27 19:22:08'),
(108, 9, '2025-05-08', '17:00:00', '18:00:00', 'afternoon', 'available', '2025-04-27 19:22:08'),
(109, 11, '2025-05-04', '08:00:00', '09:00:00', 'morning', 'available', '2025-04-27 21:36:23'),
(110, 11, '2025-05-04', '09:00:00', '10:00:00', 'morning', 'available', '2025-04-27 21:36:23'),
(111, 11, '2025-05-04', '10:00:00', '11:00:00', 'morning', 'available', '2025-04-27 21:36:23'),
(112, 11, '2025-05-04', '11:00:00', '12:00:00', 'morning', 'available', '2025-04-27 21:36:23'),
(113, 11, '2025-05-06', '14:00:00', '15:00:00', 'afternoon', 'available', '2025-04-27 21:36:23'),
(114, 11, '2025-05-06', '15:00:00', '16:00:00', 'afternoon', 'available', '2025-04-27 21:36:23'),
(115, 11, '2025-05-06', '16:00:00', '17:00:00', 'afternoon', 'available', '2025-04-27 21:36:23'),
(116, 11, '2025-05-06', '17:00:00', '18:00:00', 'afternoon', 'available', '2025-04-27 21:36:23'),
(117, 11, '2025-05-08', '14:00:00', '15:00:00', 'afternoon', 'available', '2025-04-27 21:36:23'),
(118, 11, '2025-05-08', '15:00:00', '16:00:00', 'afternoon', 'available', '2025-04-27 21:36:23'),
(119, 11, '2025-05-08', '16:00:00', '17:00:00', 'afternoon', 'available', '2025-04-27 21:36:23'),
(120, 11, '2025-05-08', '17:00:00', '18:00:00', 'afternoon', 'available', '2025-04-27 21:36:23'),
(121, 11, '2025-05-04', '08:00:00', '09:00:00', 'morning', 'available', '2025-04-27 21:38:07'),
(122, 11, '2025-05-04', '09:00:00', '10:00:00', 'morning', 'available', '2025-04-27 21:38:07'),
(123, 11, '2025-05-04', '10:00:00', '11:00:00', 'morning', 'available', '2025-04-27 21:38:07'),
(124, 11, '2025-05-04', '11:00:00', '12:00:00', 'morning', 'available', '2025-04-27 21:38:07'),
(125, 11, '2025-05-06', '08:00:00', '09:00:00', 'morning', 'available', '2025-04-27 21:38:07'),
(126, 11, '2025-05-06', '09:00:00', '10:00:00', 'morning', 'available', '2025-04-27 21:38:07'),
(127, 11, '2025-05-06', '10:00:00', '11:00:00', 'morning', 'available', '2025-04-27 21:38:07'),
(128, 11, '2025-05-06', '11:00:00', '12:00:00', 'morning', 'available', '2025-04-27 21:38:07'),
(129, 11, '2025-05-08', '08:00:00', '09:00:00', 'morning', 'available', '2025-04-27 21:38:07'),
(130, 11, '2025-05-08', '09:00:00', '10:00:00', 'morning', 'available', '2025-04-27 21:38:07'),
(131, 11, '2025-05-08', '10:00:00', '11:00:00', 'morning', 'available', '2025-04-27 21:38:07'),
(132, 11, '2025-05-08', '11:00:00', '12:00:00', 'morning', 'available', '2025-04-27 21:38:07'),
(133, 10, '2025-05-04', '14:00:00', '15:00:00', 'afternoon', 'available', '2025-04-27 21:39:22'),
(134, 10, '2025-05-04', '15:00:00', '16:00:00', 'afternoon', 'available', '2025-04-27 21:39:22'),
(135, 10, '2025-05-04', '16:00:00', '17:00:00', 'afternoon', 'available', '2025-04-27 21:39:22'),
(136, 10, '2025-05-04', '17:00:00', '18:00:00', 'afternoon', 'available', '2025-04-27 21:39:22'),
(137, 10, '2025-05-06', '14:00:00', '15:00:00', 'afternoon', 'available', '2025-04-27 21:39:22'),
(138, 10, '2025-05-06', '15:00:00', '16:00:00', 'afternoon', 'available', '2025-04-27 21:39:22'),
(139, 10, '2025-05-06', '16:00:00', '17:00:00', 'afternoon', 'booked', '2025-04-27 21:39:22'),
(140, 10, '2025-05-06', '17:00:00', '18:00:00', 'afternoon', 'available', '2025-04-27 21:39:22'),
(141, 10, '2025-05-08', '14:00:00', '15:00:00', 'afternoon', 'available', '2025-04-27 21:39:22'),
(142, 10, '2025-05-08', '15:00:00', '16:00:00', 'afternoon', 'booked', '2025-04-27 21:39:22'),
(143, 10, '2025-05-08', '16:00:00', '17:00:00', 'afternoon', 'available', '2025-04-27 21:39:22'),
(144, 10, '2025-05-08', '17:00:00', '18:00:00', 'afternoon', 'booked', '2025-04-27 21:39:22'),
(145, 0, '2025-05-04', '14:00:00', '15:00:00', 'afternoon', 'available', '2025-04-28 06:54:08'),
(146, 0, '2025-05-04', '15:00:00', '16:00:00', 'afternoon', 'available', '2025-04-28 06:54:08'),
(147, 0, '2025-05-04', '16:00:00', '17:00:00', 'afternoon', 'available', '2025-04-28 06:54:08'),
(148, 0, '2025-05-04', '17:00:00', '18:00:00', 'afternoon', 'available', '2025-04-28 06:54:08'),
(149, 0, '2025-05-06', '08:00:00', '09:00:00', 'morning', 'available', '2025-04-28 06:54:08'),
(150, 0, '2025-05-06', '09:00:00', '10:00:00', 'morning', 'available', '2025-04-28 06:54:08'),
(151, 0, '2025-05-06', '10:00:00', '11:00:00', 'morning', 'available', '2025-04-28 06:54:08'),
(152, 0, '2025-05-06', '11:00:00', '12:00:00', 'morning', 'available', '2025-04-28 06:54:08'),
(153, 0, '2025-05-08', '08:00:00', '09:00:00', 'morning', 'available', '2025-04-28 06:54:08'),
(154, 0, '2025-05-08', '09:00:00', '10:00:00', 'morning', 'available', '2025-04-28 06:54:08'),
(155, 0, '2025-05-08', '10:00:00', '11:00:00', 'morning', 'available', '2025-04-28 06:54:08'),
(156, 0, '2025-05-08', '11:00:00', '12:00:00', 'morning', 'available', '2025-04-28 06:54:08'),
(157, 11, '2025-05-04', '08:00:00', '09:00:00', 'morning', 'available', '2025-04-28 06:54:52'),
(158, 11, '2025-05-04', '09:00:00', '10:00:00', 'morning', 'available', '2025-04-28 06:54:52'),
(159, 11, '2025-05-04', '10:00:00', '11:00:00', 'morning', 'available', '2025-04-28 06:54:52'),
(160, 11, '2025-05-04', '11:00:00', '12:00:00', 'morning', 'available', '2025-04-28 06:54:52'),
(161, 11, '2025-05-06', '08:00:00', '09:00:00', 'morning', 'available', '2025-04-28 06:54:52'),
(162, 11, '2025-05-06', '09:00:00', '10:00:00', 'morning', 'available', '2025-04-28 06:54:52'),
(163, 11, '2025-05-06', '10:00:00', '11:00:00', 'morning', 'available', '2025-04-28 06:54:52'),
(164, 11, '2025-05-06', '11:00:00', '12:00:00', 'morning', 'available', '2025-04-28 06:54:52'),
(165, 11, '2025-05-08', '08:00:00', '09:00:00', 'morning', 'available', '2025-04-28 06:54:52'),
(166, 11, '2025-05-08', '09:00:00', '10:00:00', 'morning', 'available', '2025-04-28 06:54:52'),
(167, 11, '2025-05-08', '10:00:00', '11:00:00', 'morning', 'available', '2025-04-28 06:54:52'),
(168, 11, '2025-05-08', '11:00:00', '12:00:00', 'morning', 'available', '2025-04-28 06:54:52'),
(169, 12, '2025-05-04', '08:00:00', '09:00:00', 'morning', 'available', '2025-04-28 06:54:52'),
(170, 12, '2025-05-04', '09:00:00', '10:00:00', 'morning', 'available', '2025-04-28 06:54:52'),
(171, 12, '2025-05-04', '10:00:00', '11:00:00', 'morning', 'available', '2025-04-28 06:54:52'),
(172, 12, '2025-05-04', '11:00:00', '12:00:00', 'morning', 'available', '2025-04-28 06:54:52'),
(173, 12, '2025-05-06', '14:00:00', '15:00:00', 'afternoon', 'available', '2025-04-28 06:54:52'),
(174, 12, '2025-05-06', '15:00:00', '16:00:00', 'afternoon', 'available', '2025-04-28 06:54:52'),
(175, 12, '2025-05-06', '16:00:00', '17:00:00', 'afternoon', 'available', '2025-04-28 06:54:52'),
(176, 12, '2025-05-06', '17:00:00', '18:00:00', 'afternoon', 'available', '2025-04-28 06:54:52'),
(177, 12, '2025-05-08', '14:00:00', '15:00:00', 'afternoon', 'available', '2025-04-28 06:54:52'),
(178, 12, '2025-05-08', '15:00:00', '16:00:00', 'afternoon', 'available', '2025-04-28 06:54:52'),
(179, 12, '2025-05-08', '16:00:00', '17:00:00', 'afternoon', 'available', '2025-04-28 06:54:52'),
(180, 12, '2025-05-08', '17:00:00', '18:00:00', 'afternoon', 'available', '2025-04-28 06:54:52'),
(181, 13, '2025-05-04', '08:00:00', '09:00:00', 'morning', 'available', '2025-04-28 06:54:52'),
(182, 13, '2025-05-04', '09:00:00', '10:00:00', 'morning', 'available', '2025-04-28 06:54:52'),
(183, 13, '2025-05-04', '10:00:00', '11:00:00', 'morning', 'available', '2025-04-28 06:54:52'),
(184, 13, '2025-05-04', '11:00:00', '12:00:00', 'morning', 'available', '2025-04-28 06:54:52'),
(185, 13, '2025-05-06', '14:00:00', '15:00:00', 'afternoon', 'available', '2025-04-28 06:54:52'),
(186, 13, '2025-05-06', '15:00:00', '16:00:00', 'afternoon', 'available', '2025-04-28 06:54:52'),
(187, 13, '2025-05-06', '16:00:00', '17:00:00', 'afternoon', 'available', '2025-04-28 06:54:52'),
(188, 13, '2025-05-06', '17:00:00', '18:00:00', 'afternoon', 'available', '2025-04-28 06:54:52'),
(189, 13, '2025-05-08', '08:00:00', '09:00:00', 'morning', 'available', '2025-04-28 06:54:52'),
(190, 13, '2025-05-08', '09:00:00', '10:00:00', 'morning', 'available', '2025-04-28 06:54:52'),
(191, 13, '2025-05-08', '10:00:00', '11:00:00', 'morning', 'available', '2025-04-28 06:54:52'),
(192, 13, '2025-05-08', '11:00:00', '12:00:00', 'morning', 'available', '2025-04-28 06:54:52'),
(193, 14, '2025-05-04', '14:00:00', '15:00:00', 'afternoon', 'available', '2025-04-28 06:54:52'),
(194, 14, '2025-05-04', '15:00:00', '16:00:00', 'afternoon', 'available', '2025-04-28 06:54:52'),
(195, 14, '2025-05-04', '16:00:00', '17:00:00', 'afternoon', 'available', '2025-04-28 06:54:52'),
(196, 14, '2025-05-04', '17:00:00', '18:00:00', 'afternoon', 'available', '2025-04-28 06:54:52'),
(197, 14, '2025-05-06', '08:00:00', '09:00:00', 'morning', 'available', '2025-04-28 06:54:52'),
(198, 14, '2025-05-06', '09:00:00', '10:00:00', 'morning', 'available', '2025-04-28 06:54:52'),
(199, 14, '2025-05-06', '10:00:00', '11:00:00', 'morning', 'available', '2025-04-28 06:54:52'),
(200, 14, '2025-05-06', '11:00:00', '12:00:00', 'morning', 'available', '2025-04-28 06:54:52'),
(201, 14, '2025-05-08', '08:00:00', '09:00:00', 'morning', 'available', '2025-04-28 06:54:52'),
(202, 14, '2025-05-08', '09:00:00', '10:00:00', 'morning', 'available', '2025-04-28 06:54:52'),
(203, 14, '2025-05-08', '10:00:00', '11:00:00', 'morning', 'available', '2025-04-28 06:54:52'),
(204, 14, '2025-05-08', '11:00:00', '12:00:00', 'morning', 'available', '2025-04-28 06:54:52'),
(205, 15, '2025-05-04', '08:00:00', '09:00:00', 'morning', 'available', '2025-04-28 06:54:52'),
(206, 15, '2025-05-04', '09:00:00', '10:00:00', 'morning', 'available', '2025-04-28 06:54:52'),
(207, 15, '2025-05-04', '10:00:00', '11:00:00', 'morning', 'available', '2025-04-28 06:54:52'),
(208, 15, '2025-05-04', '11:00:00', '12:00:00', 'morning', 'available', '2025-04-28 06:54:52'),
(209, 15, '2025-05-06', '14:00:00', '15:00:00', 'afternoon', 'available', '2025-04-28 06:54:52'),
(210, 15, '2025-05-06', '15:00:00', '16:00:00', 'afternoon', 'available', '2025-04-28 06:54:52'),
(211, 15, '2025-05-06', '16:00:00', '17:00:00', 'afternoon', 'available', '2025-04-28 06:54:52'),
(212, 15, '2025-05-06', '17:00:00', '18:00:00', 'afternoon', 'available', '2025-04-28 06:54:52'),
(213, 15, '2025-05-08', '14:00:00', '15:00:00', 'afternoon', 'available', '2025-04-28 06:54:52'),
(214, 15, '2025-05-08', '15:00:00', '16:00:00', 'afternoon', 'available', '2025-04-28 06:54:52'),
(215, 15, '2025-05-08', '16:00:00', '17:00:00', 'afternoon', 'available', '2025-04-28 06:54:52'),
(216, 15, '2025-05-08', '17:00:00', '18:00:00', 'afternoon', 'available', '2025-04-28 06:54:52'),
(217, 16, '2025-05-04', '08:00:00', '09:00:00', 'morning', 'available', '2025-04-28 06:54:52'),
(218, 16, '2025-05-04', '09:00:00', '10:00:00', 'morning', 'available', '2025-04-28 06:54:52'),
(219, 16, '2025-05-04', '10:00:00', '11:00:00', 'morning', 'available', '2025-04-28 06:54:52'),
(220, 16, '2025-05-04', '11:00:00', '12:00:00', 'morning', 'available', '2025-04-28 06:54:52'),
(221, 16, '2025-05-06', '14:00:00', '15:00:00', 'afternoon', 'available', '2025-04-28 06:54:52'),
(222, 16, '2025-05-06', '15:00:00', '16:00:00', 'afternoon', 'available', '2025-04-28 06:54:52'),
(223, 16, '2025-05-06', '16:00:00', '17:00:00', 'afternoon', 'available', '2025-04-28 06:54:52'),
(224, 16, '2025-05-06', '17:00:00', '18:00:00', 'afternoon', 'available', '2025-04-28 06:54:52'),
(225, 16, '2025-05-08', '14:00:00', '15:00:00', 'afternoon', 'available', '2025-04-28 06:54:52'),
(226, 16, '2025-05-08', '15:00:00', '16:00:00', 'afternoon', 'available', '2025-04-28 06:54:52'),
(227, 16, '2025-05-08', '16:00:00', '17:00:00', 'afternoon', 'available', '2025-04-28 06:54:52'),
(228, 16, '2025-05-08', '17:00:00', '18:00:00', 'afternoon', 'available', '2025-04-28 06:54:52'),
(229, 17, '2025-05-04', '08:00:00', '09:00:00', 'morning', 'available', '2025-04-28 06:54:52'),
(230, 17, '2025-05-04', '09:00:00', '10:00:00', 'morning', 'available', '2025-04-28 06:54:52'),
(231, 17, '2025-05-04', '10:00:00', '11:00:00', 'morning', 'available', '2025-04-28 06:54:52'),
(232, 17, '2025-05-04', '11:00:00', '12:00:00', 'morning', 'available', '2025-04-28 06:54:52'),
(233, 17, '2025-05-06', '14:00:00', '15:00:00', 'afternoon', 'available', '2025-04-28 06:54:52'),
(234, 17, '2025-05-06', '15:00:00', '16:00:00', 'afternoon', 'available', '2025-04-28 06:54:52'),
(235, 17, '2025-05-06', '16:00:00', '17:00:00', 'afternoon', 'available', '2025-04-28 06:54:52'),
(236, 17, '2025-05-06', '17:00:00', '18:00:00', 'afternoon', 'available', '2025-04-28 06:54:52'),
(237, 17, '2025-05-08', '14:00:00', '15:00:00', 'afternoon', 'available', '2025-04-28 06:54:52'),
(238, 17, '2025-05-08', '15:00:00', '16:00:00', 'afternoon', 'available', '2025-04-28 06:54:52'),
(239, 17, '2025-05-08', '16:00:00', '17:00:00', 'afternoon', 'available', '2025-04-28 06:54:52'),
(240, 17, '2025-05-08', '17:00:00', '18:00:00', 'afternoon', 'available', '2025-04-28 06:54:52'),
(241, 18, '2025-05-04', '08:00:00', '09:00:00', 'morning', 'available', '2025-04-28 06:54:52'),
(242, 18, '2025-05-04', '09:00:00', '10:00:00', 'morning', 'available', '2025-04-28 06:54:52'),
(243, 18, '2025-05-04', '10:00:00', '11:00:00', 'morning', 'available', '2025-04-28 06:54:52'),
(244, 18, '2025-05-04', '11:00:00', '12:00:00', 'morning', 'available', '2025-04-28 06:54:52'),
(245, 18, '2025-05-06', '08:00:00', '09:00:00', 'morning', 'available', '2025-04-28 06:54:52'),
(246, 18, '2025-05-06', '09:00:00', '10:00:00', 'morning', 'available', '2025-04-28 06:54:52'),
(247, 18, '2025-05-06', '10:00:00', '11:00:00', 'morning', 'available', '2025-04-28 06:54:52'),
(248, 18, '2025-05-06', '11:00:00', '12:00:00', 'morning', 'available', '2025-04-28 06:54:52'),
(249, 18, '2025-05-08', '14:00:00', '15:00:00', 'afternoon', 'available', '2025-04-28 06:54:52'),
(250, 18, '2025-05-08', '15:00:00', '16:00:00', 'afternoon', 'available', '2025-04-28 06:54:52'),
(251, 18, '2025-05-08', '16:00:00', '17:00:00', 'afternoon', 'available', '2025-04-28 06:54:52'),
(252, 18, '2025-05-08', '17:00:00', '18:00:00', 'afternoon', 'available', '2025-04-28 06:54:52'),
(253, 19, '2025-05-04', '14:00:00', '15:00:00', 'afternoon', 'available', '2025-04-28 06:54:52'),
(254, 19, '2025-05-04', '15:00:00', '16:00:00', 'afternoon', 'available', '2025-04-28 06:54:52'),
(255, 19, '2025-05-04', '16:00:00', '17:00:00', 'afternoon', 'available', '2025-04-28 06:54:52'),
(256, 19, '2025-05-04', '17:00:00', '18:00:00', 'afternoon', 'available', '2025-04-28 06:54:52'),
(257, 19, '2025-05-06', '08:00:00', '09:00:00', 'morning', 'available', '2025-04-28 06:54:52'),
(258, 19, '2025-05-06', '09:00:00', '10:00:00', 'morning', 'available', '2025-04-28 06:54:52'),
(259, 19, '2025-05-06', '10:00:00', '11:00:00', 'morning', 'available', '2025-04-28 06:54:52'),
(260, 19, '2025-05-06', '11:00:00', '12:00:00', 'morning', 'available', '2025-04-28 06:54:52'),
(261, 19, '2025-05-08', '08:00:00', '09:00:00', 'morning', 'available', '2025-04-28 06:54:52'),
(262, 19, '2025-05-08', '09:00:00', '10:00:00', 'morning', 'available', '2025-04-28 06:54:52'),
(263, 19, '2025-05-08', '10:00:00', '11:00:00', 'morning', 'available', '2025-04-28 06:54:52'),
(264, 19, '2025-05-08', '11:00:00', '12:00:00', 'morning', 'available', '2025-04-28 06:54:52'),
(265, 20, '2025-05-04', '08:00:00', '09:00:00', 'morning', 'available', '2025-04-28 06:54:52'),
(266, 20, '2025-05-04', '09:00:00', '10:00:00', 'morning', 'available', '2025-04-28 06:54:52'),
(267, 20, '2025-05-04', '10:00:00', '11:00:00', 'morning', 'available', '2025-04-28 06:54:52'),
(268, 20, '2025-05-04', '11:00:00', '12:00:00', 'morning', 'available', '2025-04-28 06:54:52'),
(269, 20, '2025-05-06', '08:00:00', '09:00:00', 'morning', 'available', '2025-04-28 06:54:52'),
(270, 20, '2025-05-06', '09:00:00', '10:00:00', 'morning', 'available', '2025-04-28 06:54:52'),
(271, 20, '2025-05-06', '10:00:00', '11:00:00', 'morning', 'available', '2025-04-28 06:54:52'),
(272, 20, '2025-05-06', '11:00:00', '12:00:00', 'morning', 'available', '2025-04-28 06:54:52'),
(273, 20, '2025-05-08', '14:00:00', '15:00:00', 'afternoon', 'available', '2025-04-28 06:54:52'),
(274, 20, '2025-05-08', '15:00:00', '16:00:00', 'afternoon', 'available', '2025-04-28 06:54:52'),
(275, 20, '2025-05-08', '16:00:00', '17:00:00', 'afternoon', 'available', '2025-04-28 06:54:52'),
(276, 20, '2025-05-08', '17:00:00', '18:00:00', 'afternoon', 'available', '2025-04-28 06:54:52'),
(277, 21, '2025-05-04', '14:00:00', '15:00:00', 'afternoon', 'available', '2025-04-28 06:54:52'),
(278, 21, '2025-05-04', '15:00:00', '16:00:00', 'afternoon', 'available', '2025-04-28 06:54:52'),
(279, 21, '2025-05-04', '16:00:00', '17:00:00', 'afternoon', 'available', '2025-04-28 06:54:52'),
(280, 21, '2025-05-04', '17:00:00', '18:00:00', 'afternoon', 'available', '2025-04-28 06:54:52'),
(281, 21, '2025-05-06', '08:00:00', '09:00:00', 'morning', 'available', '2025-04-28 06:54:52'),
(282, 21, '2025-05-06', '09:00:00', '10:00:00', 'morning', 'available', '2025-04-28 06:54:52'),
(283, 21, '2025-05-06', '10:00:00', '11:00:00', 'morning', 'available', '2025-04-28 06:54:52'),
(284, 21, '2025-05-06', '11:00:00', '12:00:00', 'morning', 'available', '2025-04-28 06:54:52'),
(285, 21, '2025-05-08', '14:00:00', '15:00:00', 'afternoon', 'available', '2025-04-28 06:54:52'),
(286, 21, '2025-05-08', '15:00:00', '16:00:00', 'afternoon', 'available', '2025-04-28 06:54:52'),
(287, 21, '2025-05-08', '16:00:00', '17:00:00', 'afternoon', 'available', '2025-04-28 06:54:52'),
(288, 21, '2025-05-08', '17:00:00', '18:00:00', 'afternoon', 'available', '2025-04-28 06:54:52'),
(289, 22, '2025-05-04', '08:00:00', '09:00:00', 'morning', 'available', '2025-04-28 06:54:52'),
(290, 22, '2025-05-04', '09:00:00', '10:00:00', 'morning', 'available', '2025-04-28 06:54:52'),
(291, 22, '2025-05-04', '10:00:00', '11:00:00', 'morning', 'available', '2025-04-28 06:54:52'),
(292, 22, '2025-05-04', '11:00:00', '12:00:00', 'morning', 'available', '2025-04-28 06:54:52'),
(293, 22, '2025-05-06', '08:00:00', '09:00:00', 'morning', 'available', '2025-04-28 06:54:52'),
(294, 22, '2025-05-06', '09:00:00', '10:00:00', 'morning', 'available', '2025-04-28 06:54:52'),
(295, 22, '2025-05-06', '10:00:00', '11:00:00', 'morning', 'available', '2025-04-28 06:54:52'),
(296, 22, '2025-05-06', '11:00:00', '12:00:00', 'morning', 'available', '2025-04-28 06:54:52'),
(297, 22, '2025-05-08', '14:00:00', '15:00:00', 'afternoon', 'available', '2025-04-28 06:54:52'),
(298, 22, '2025-05-08', '15:00:00', '16:00:00', 'afternoon', 'available', '2025-04-28 06:54:52'),
(299, 22, '2025-05-08', '16:00:00', '17:00:00', 'afternoon', 'available', '2025-04-28 06:54:52'),
(300, 22, '2025-05-08', '17:00:00', '18:00:00', 'afternoon', 'available', '2025-04-28 06:54:52'),
(301, 23, '2025-05-04', '08:00:00', '09:00:00', 'morning', 'available', '2025-04-28 06:54:52'),
(302, 23, '2025-05-04', '09:00:00', '10:00:00', 'morning', 'available', '2025-04-28 06:54:52'),
(303, 23, '2025-05-04', '10:00:00', '11:00:00', 'morning', 'available', '2025-04-28 06:54:52'),
(304, 23, '2025-05-04', '11:00:00', '12:00:00', 'morning', 'available', '2025-04-28 06:54:52'),
(305, 23, '2025-05-06', '08:00:00', '09:00:00', 'morning', 'available', '2025-04-28 06:54:52'),
(306, 23, '2025-05-06', '09:00:00', '10:00:00', 'morning', 'available', '2025-04-28 06:54:52'),
(307, 23, '2025-05-06', '10:00:00', '11:00:00', 'morning', 'available', '2025-04-28 06:54:52'),
(308, 23, '2025-05-06', '11:00:00', '12:00:00', 'morning', 'available', '2025-04-28 06:54:52'),
(309, 23, '2025-05-08', '14:00:00', '15:00:00', 'afternoon', 'available', '2025-04-28 06:54:52'),
(310, 23, '2025-05-08', '15:00:00', '16:00:00', 'afternoon', 'available', '2025-04-28 06:54:52'),
(311, 23, '2025-05-08', '16:00:00', '17:00:00', 'afternoon', 'available', '2025-04-28 06:54:52'),
(312, 23, '2025-05-08', '17:00:00', '18:00:00', 'afternoon', 'available', '2025-04-28 06:54:52'),
(313, 24, '2025-05-04', '14:00:00', '15:00:00', 'afternoon', 'available', '2025-04-28 06:54:52'),
(314, 24, '2025-05-04', '15:00:00', '16:00:00', 'afternoon', 'available', '2025-04-28 06:54:52'),
(315, 24, '2025-05-04', '16:00:00', '17:00:00', 'afternoon', 'available', '2025-04-28 06:54:52'),
(316, 24, '2025-05-04', '17:00:00', '18:00:00', 'afternoon', 'available', '2025-04-28 06:54:52'),
(317, 24, '2025-05-06', '14:00:00', '15:00:00', 'afternoon', 'available', '2025-04-28 06:54:52'),
(318, 24, '2025-05-06', '15:00:00', '16:00:00', 'afternoon', 'available', '2025-04-28 06:54:52'),
(319, 24, '2025-05-06', '16:00:00', '17:00:00', 'afternoon', 'available', '2025-04-28 06:54:52'),
(320, 24, '2025-05-06', '17:00:00', '18:00:00', 'afternoon', 'available', '2025-04-28 06:54:52'),
(321, 24, '2025-05-08', '14:00:00', '15:00:00', 'afternoon', 'available', '2025-04-28 06:54:52'),
(322, 24, '2025-05-08', '15:00:00', '16:00:00', 'afternoon', 'available', '2025-04-28 06:54:52'),
(323, 24, '2025-05-08', '16:00:00', '17:00:00', 'afternoon', 'available', '2025-04-28 06:54:52'),
(324, 24, '2025-05-08', '17:00:00', '18:00:00', 'afternoon', 'available', '2025-04-28 06:54:52'),
(325, 25, '2025-05-04', '14:00:00', '15:00:00', 'afternoon', 'available', '2025-04-28 06:54:52'),
(326, 25, '2025-05-04', '15:00:00', '16:00:00', 'afternoon', 'available', '2025-04-28 06:54:52'),
(327, 25, '2025-05-04', '16:00:00', '17:00:00', 'afternoon', 'available', '2025-04-28 06:54:52'),
(328, 25, '2025-05-04', '17:00:00', '18:00:00', 'afternoon', 'available', '2025-04-28 06:54:52'),
(329, 25, '2025-05-06', '14:00:00', '15:00:00', 'afternoon', 'available', '2025-04-28 06:54:52'),
(330, 25, '2025-05-06', '15:00:00', '16:00:00', 'afternoon', 'available', '2025-04-28 06:54:52'),
(331, 25, '2025-05-06', '16:00:00', '17:00:00', 'afternoon', 'booked', '2025-04-28 06:54:52'),
(332, 25, '2025-05-06', '17:00:00', '18:00:00', 'afternoon', 'available', '2025-04-28 06:54:52'),
(333, 25, '2025-05-08', '14:00:00', '15:00:00', 'afternoon', 'available', '2025-04-28 06:54:52'),
(334, 25, '2025-05-08', '15:00:00', '16:00:00', 'afternoon', 'available', '2025-04-28 06:54:52'),
(335, 25, '2025-05-08', '16:00:00', '17:00:00', 'afternoon', 'available', '2025-04-28 06:54:52'),
(336, 25, '2025-05-08', '17:00:00', '18:00:00', 'afternoon', 'available', '2025-04-28 06:54:52'),
(337, 26, '2025-05-04', '08:00:00', '09:00:00', 'morning', 'available', '2025-04-28 07:04:58'),
(338, 26, '2025-05-04', '09:00:00', '10:00:00', 'morning', 'available', '2025-04-28 07:04:58'),
(339, 26, '2025-05-04', '10:00:00', '11:00:00', 'morning', 'available', '2025-04-28 07:04:58'),
(340, 26, '2025-05-04', '11:00:00', '12:00:00', 'morning', 'available', '2025-04-28 07:04:58'),
(341, 26, '2025-05-06', '14:00:00', '15:00:00', 'afternoon', 'available', '2025-04-28 07:04:58'),
(342, 26, '2025-05-06', '15:00:00', '16:00:00', 'afternoon', 'available', '2025-04-28 07:04:58'),
(343, 26, '2025-05-06', '16:00:00', '17:00:00', 'afternoon', 'available', '2025-04-28 07:04:58'),
(344, 26, '2025-05-06', '17:00:00', '18:00:00', 'afternoon', 'available', '2025-04-28 07:04:58'),
(345, 26, '2025-05-08', '08:00:00', '09:00:00', 'morning', 'available', '2025-04-28 07:04:58'),
(346, 26, '2025-05-08', '09:00:00', '10:00:00', 'morning', 'available', '2025-04-28 07:04:58'),
(347, 26, '2025-05-08', '10:00:00', '11:00:00', 'morning', 'available', '2025-04-28 07:04:58'),
(348, 26, '2025-05-08', '11:00:00', '12:00:00', 'morning', 'available', '2025-04-28 07:04:58'),
(349, 27, '2025-05-04', '08:00:00', '09:00:00', 'morning', 'available', '2025-04-28 07:04:58'),
(350, 27, '2025-05-04', '09:00:00', '10:00:00', 'morning', 'available', '2025-04-28 07:04:58'),
(351, 27, '2025-05-04', '10:00:00', '11:00:00', 'morning', 'available', '2025-04-28 07:04:58'),
(352, 27, '2025-05-04', '11:00:00', '12:00:00', 'morning', 'available', '2025-04-28 07:04:58'),
(353, 27, '2025-05-06', '08:00:00', '09:00:00', 'morning', 'available', '2025-04-28 07:04:58'),
(354, 27, '2025-05-06', '09:00:00', '10:00:00', 'morning', 'available', '2025-04-28 07:04:58'),
(355, 27, '2025-05-06', '10:00:00', '11:00:00', 'morning', 'available', '2025-04-28 07:04:58'),
(356, 27, '2025-05-06', '11:00:00', '12:00:00', 'morning', 'available', '2025-04-28 07:04:58'),
(357, 27, '2025-05-08', '08:00:00', '09:00:00', 'morning', 'available', '2025-04-28 07:04:58'),
(358, 27, '2025-05-08', '09:00:00', '10:00:00', 'morning', 'available', '2025-04-28 07:04:58'),
(359, 27, '2025-05-08', '10:00:00', '11:00:00', 'morning', 'available', '2025-04-28 07:04:58'),
(360, 27, '2025-05-08', '11:00:00', '12:00:00', 'morning', 'available', '2025-04-28 07:04:58'),
(361, 28, '2025-05-04', '14:00:00', '15:00:00', 'afternoon', 'available', '2025-04-28 07:04:58'),
(362, 28, '2025-05-04', '15:00:00', '16:00:00', 'afternoon', 'available', '2025-04-28 07:04:58'),
(363, 28, '2025-05-04', '16:00:00', '17:00:00', 'afternoon', 'available', '2025-04-28 07:04:58'),
(364, 28, '2025-05-04', '17:00:00', '18:00:00', 'afternoon', 'available', '2025-04-28 07:04:58'),
(365, 28, '2025-05-06', '14:00:00', '15:00:00', 'afternoon', 'available', '2025-04-28 07:04:58'),
(366, 28, '2025-05-06', '15:00:00', '16:00:00', 'afternoon', 'available', '2025-04-28 07:04:58'),
(367, 28, '2025-05-06', '16:00:00', '17:00:00', 'afternoon', 'available', '2025-04-28 07:04:58'),
(368, 28, '2025-05-06', '17:00:00', '18:00:00', 'afternoon', 'available', '2025-04-28 07:04:58'),
(369, 28, '2025-05-08', '14:00:00', '15:00:00', 'afternoon', 'available', '2025-04-28 07:04:58'),
(370, 28, '2025-05-08', '15:00:00', '16:00:00', 'afternoon', 'available', '2025-04-28 07:04:58'),
(371, 28, '2025-05-08', '16:00:00', '17:00:00', 'afternoon', 'available', '2025-04-28 07:04:58'),
(372, 28, '2025-05-08', '17:00:00', '18:00:00', 'afternoon', 'available', '2025-04-28 07:04:58'),
(373, 29, '2025-05-04', '14:00:00', '15:00:00', 'afternoon', 'available', '2025-04-28 07:04:58'),
(374, 29, '2025-05-04', '15:00:00', '16:00:00', 'afternoon', 'available', '2025-04-28 07:04:58'),
(375, 29, '2025-05-04', '16:00:00', '17:00:00', 'afternoon', 'available', '2025-04-28 07:04:58'),
(376, 29, '2025-05-04', '17:00:00', '18:00:00', 'afternoon', 'available', '2025-04-28 07:04:58'),
(377, 29, '2025-05-06', '14:00:00', '15:00:00', 'afternoon', 'available', '2025-04-28 07:04:58'),
(378, 29, '2025-05-06', '15:00:00', '16:00:00', 'afternoon', 'available', '2025-04-28 07:04:58'),
(379, 29, '2025-05-06', '16:00:00', '17:00:00', 'afternoon', 'available', '2025-04-28 07:04:58'),
(380, 29, '2025-05-06', '17:00:00', '18:00:00', 'afternoon', 'available', '2025-04-28 07:04:58'),
(381, 29, '2025-05-08', '08:00:00', '09:00:00', 'morning', 'available', '2025-04-28 07:04:58'),
(382, 29, '2025-05-08', '09:00:00', '10:00:00', 'morning', 'available', '2025-04-28 07:04:58'),
(383, 29, '2025-05-08', '10:00:00', '11:00:00', 'morning', 'available', '2025-04-28 07:04:58'),
(384, 29, '2025-05-08', '11:00:00', '12:00:00', 'morning', 'available', '2025-04-28 07:04:58'),
(385, 30, '2025-05-04', '08:00:00', '09:00:00', 'morning', 'available', '2025-04-28 07:04:58'),
(386, 30, '2025-05-04', '09:00:00', '10:00:00', 'morning', 'available', '2025-04-28 07:04:58'),
(387, 30, '2025-05-04', '10:00:00', '11:00:00', 'morning', 'available', '2025-04-28 07:04:58'),
(388, 30, '2025-05-04', '11:00:00', '12:00:00', 'morning', 'available', '2025-04-28 07:04:58'),
(389, 30, '2025-05-06', '14:00:00', '15:00:00', 'afternoon', 'available', '2025-04-28 07:04:58'),
(390, 30, '2025-05-06', '15:00:00', '16:00:00', 'afternoon', 'available', '2025-04-28 07:04:58'),
(391, 30, '2025-05-06', '16:00:00', '17:00:00', 'afternoon', 'available', '2025-04-28 07:04:58'),
(392, 30, '2025-05-06', '17:00:00', '18:00:00', 'afternoon', 'available', '2025-04-28 07:04:58'),
(393, 30, '2025-05-08', '08:00:00', '09:00:00', 'morning', 'available', '2025-04-28 07:04:58'),
(394, 30, '2025-05-08', '09:00:00', '10:00:00', 'morning', 'available', '2025-04-28 07:04:58'),
(395, 30, '2025-05-08', '10:00:00', '11:00:00', 'morning', 'available', '2025-04-28 07:04:58'),
(396, 30, '2025-05-08', '11:00:00', '12:00:00', 'morning', 'available', '2025-04-28 07:04:58'),
(397, 31, '2025-05-04', '08:00:00', '09:00:00', 'morning', 'available', '2025-04-28 07:04:58'),
(398, 31, '2025-05-04', '09:00:00', '10:00:00', 'morning', 'available', '2025-04-28 07:04:58'),
(399, 31, '2025-05-04', '10:00:00', '11:00:00', 'morning', 'available', '2025-04-28 07:04:58'),
(400, 31, '2025-05-04', '11:00:00', '12:00:00', 'morning', 'available', '2025-04-28 07:04:58'),
(401, 31, '2025-05-06', '14:00:00', '15:00:00', 'afternoon', 'available', '2025-04-28 07:04:58'),
(402, 31, '2025-05-06', '15:00:00', '16:00:00', 'afternoon', 'available', '2025-04-28 07:04:58'),
(403, 31, '2025-05-06', '16:00:00', '17:00:00', 'afternoon', 'available', '2025-04-28 07:04:58'),
(404, 31, '2025-05-06', '17:00:00', '18:00:00', 'afternoon', 'available', '2025-04-28 07:04:58'),
(405, 31, '2025-05-08', '14:00:00', '15:00:00', 'afternoon', 'available', '2025-04-28 07:04:58'),
(406, 31, '2025-05-08', '15:00:00', '16:00:00', 'afternoon', 'available', '2025-04-28 07:04:58'),
(407, 31, '2025-05-08', '16:00:00', '17:00:00', 'afternoon', 'available', '2025-04-28 07:04:58'),
(408, 31, '2025-05-08', '17:00:00', '18:00:00', 'afternoon', 'available', '2025-04-28 07:04:58'),
(409, 32, '2025-05-04', '14:00:00', '15:00:00', 'afternoon', 'available', '2025-04-28 07:04:58'),
(410, 32, '2025-05-04', '15:00:00', '16:00:00', 'afternoon', 'available', '2025-04-28 07:04:58'),
(411, 32, '2025-05-04', '16:00:00', '17:00:00', 'afternoon', 'available', '2025-04-28 07:04:58'),
(412, 32, '2025-05-04', '17:00:00', '18:00:00', 'afternoon', 'available', '2025-04-28 07:04:58'),
(413, 32, '2025-05-06', '14:00:00', '15:00:00', 'afternoon', 'available', '2025-04-28 07:04:58'),
(414, 32, '2025-05-06', '15:00:00', '16:00:00', 'afternoon', 'available', '2025-04-28 07:04:58'),
(415, 32, '2025-05-06', '16:00:00', '17:00:00', 'afternoon', 'available', '2025-04-28 07:04:58'),
(416, 32, '2025-05-06', '17:00:00', '18:00:00', 'afternoon', 'available', '2025-04-28 07:04:58'),
(417, 32, '2025-05-08', '08:00:00', '09:00:00', 'morning', 'available', '2025-04-28 07:04:58'),
(418, 32, '2025-05-08', '09:00:00', '10:00:00', 'morning', 'available', '2025-04-28 07:04:58'),
(419, 32, '2025-05-08', '10:00:00', '11:00:00', 'morning', 'available', '2025-04-28 07:04:58'),
(420, 32, '2025-05-08', '11:00:00', '12:00:00', 'morning', 'available', '2025-04-28 07:04:58'),
(421, 33, '2025-05-04', '14:00:00', '15:00:00', 'afternoon', 'available', '2025-04-28 07:04:58'),
(422, 33, '2025-05-04', '15:00:00', '16:00:00', 'afternoon', 'available', '2025-04-28 07:04:58'),
(423, 33, '2025-05-04', '16:00:00', '17:00:00', 'afternoon', 'available', '2025-04-28 07:04:58'),
(424, 33, '2025-05-04', '17:00:00', '18:00:00', 'afternoon', 'available', '2025-04-28 07:04:58'),
(425, 33, '2025-05-06', '14:00:00', '15:00:00', 'afternoon', 'available', '2025-04-28 07:04:58'),
(426, 33, '2025-05-06', '15:00:00', '16:00:00', 'afternoon', 'available', '2025-04-28 07:04:58'),
(427, 33, '2025-05-06', '16:00:00', '17:00:00', 'afternoon', 'available', '2025-04-28 07:04:58'),
(428, 33, '2025-05-06', '17:00:00', '18:00:00', 'afternoon', 'available', '2025-04-28 07:04:58'),
(429, 33, '2025-05-08', '14:00:00', '15:00:00', 'afternoon', 'available', '2025-04-28 07:04:58'),
(430, 33, '2025-05-08', '15:00:00', '16:00:00', 'afternoon', 'available', '2025-04-28 07:04:58'),
(431, 33, '2025-05-08', '16:00:00', '17:00:00', 'afternoon', 'available', '2025-04-28 07:04:58'),
(432, 33, '2025-05-08', '17:00:00', '18:00:00', 'afternoon', 'available', '2025-04-28 07:04:58'),
(433, 34, '2025-05-04', '14:00:00', '15:00:00', 'afternoon', 'available', '2025-04-28 07:04:58'),
(434, 34, '2025-05-04', '15:00:00', '16:00:00', 'afternoon', 'available', '2025-04-28 07:04:58'),
(435, 34, '2025-05-04', '16:00:00', '17:00:00', 'afternoon', 'available', '2025-04-28 07:04:58'),
(436, 34, '2025-05-04', '17:00:00', '18:00:00', 'afternoon', 'available', '2025-04-28 07:04:58'),
(437, 34, '2025-05-06', '08:00:00', '09:00:00', 'morning', 'available', '2025-04-28 07:04:58'),
(438, 34, '2025-05-06', '09:00:00', '10:00:00', 'morning', 'available', '2025-04-28 07:04:58'),
(439, 34, '2025-05-06', '10:00:00', '11:00:00', 'morning', 'available', '2025-04-28 07:04:58'),
(440, 34, '2025-05-06', '11:00:00', '12:00:00', 'morning', 'available', '2025-04-28 07:04:58'),
(441, 34, '2025-05-08', '14:00:00', '15:00:00', 'afternoon', 'available', '2025-04-28 07:04:58'),
(442, 34, '2025-05-08', '15:00:00', '16:00:00', 'afternoon', 'available', '2025-04-28 07:04:58'),
(443, 34, '2025-05-08', '16:00:00', '17:00:00', 'afternoon', 'available', '2025-04-28 07:04:58'),
(444, 34, '2025-05-08', '17:00:00', '18:00:00', 'afternoon', 'available', '2025-04-28 07:04:58'),
(445, 35, '2025-05-04', '08:00:00', '09:00:00', 'morning', 'available', '2025-04-28 07:04:58'),
(446, 35, '2025-05-04', '09:00:00', '10:00:00', 'morning', 'available', '2025-04-28 07:04:58'),
(447, 35, '2025-05-04', '10:00:00', '11:00:00', 'morning', 'available', '2025-04-28 07:04:58'),
(448, 35, '2025-05-04', '11:00:00', '12:00:00', 'morning', 'available', '2025-04-28 07:04:58'),
(449, 35, '2025-05-06', '08:00:00', '09:00:00', 'morning', 'available', '2025-04-28 07:04:58'),
(450, 35, '2025-05-06', '09:00:00', '10:00:00', 'morning', 'available', '2025-04-28 07:04:58'),
(451, 35, '2025-05-06', '10:00:00', '11:00:00', 'morning', 'booked', '2025-04-28 07:04:58'),
(452, 35, '2025-05-06', '11:00:00', '12:00:00', 'morning', 'available', '2025-04-28 07:04:58'),
(453, 35, '2025-05-08', '08:00:00', '09:00:00', 'morning', 'available', '2025-04-28 07:04:58'),
(454, 35, '2025-05-08', '09:00:00', '10:00:00', 'morning', 'available', '2025-04-28 07:04:58'),
(455, 35, '2025-05-08', '10:00:00', '11:00:00', 'morning', 'available', '2025-04-28 07:04:58'),
(456, 35, '2025-05-08', '11:00:00', '12:00:00', 'morning', 'available', '2025-04-28 07:04:58'),
(457, 36, '2025-05-04', '08:00:00', '09:00:00', 'morning', 'available', '2025-04-28 07:04:58'),
(458, 36, '2025-05-04', '09:00:00', '10:00:00', 'morning', 'available', '2025-04-28 07:04:58'),
(459, 36, '2025-05-04', '10:00:00', '11:00:00', 'morning', 'available', '2025-04-28 07:04:58'),
(460, 36, '2025-05-04', '11:00:00', '12:00:00', 'morning', 'available', '2025-04-28 07:04:58'),
(461, 36, '2025-05-06', '08:00:00', '09:00:00', 'morning', 'available', '2025-04-28 07:04:58'),
(462, 36, '2025-05-06', '09:00:00', '10:00:00', 'morning', 'available', '2025-04-28 07:04:58'),
(463, 36, '2025-05-06', '10:00:00', '11:00:00', 'morning', 'available', '2025-04-28 07:04:58'),
(464, 36, '2025-05-06', '11:00:00', '12:00:00', 'morning', 'available', '2025-04-28 07:04:58'),
(465, 36, '2025-05-08', '14:00:00', '15:00:00', 'afternoon', 'available', '2025-04-28 07:04:58'),
(466, 36, '2025-05-08', '15:00:00', '16:00:00', 'afternoon', 'available', '2025-04-28 07:04:58'),
(467, 36, '2025-05-08', '16:00:00', '17:00:00', 'afternoon', 'available', '2025-04-28 07:04:58'),
(468, 36, '2025-05-08', '17:00:00', '18:00:00', 'afternoon', 'available', '2025-04-28 07:04:58'),
(469, 37, '2025-05-04', '14:00:00', '15:00:00', 'afternoon', 'available', '2025-04-28 07:04:58'),
(470, 37, '2025-05-04', '15:00:00', '16:00:00', 'afternoon', 'available', '2025-04-28 07:04:58'),
(471, 37, '2025-05-04', '16:00:00', '17:00:00', 'afternoon', 'available', '2025-04-28 07:04:58'),
(472, 37, '2025-05-04', '17:00:00', '18:00:00', 'afternoon', 'available', '2025-04-28 07:04:58'),
(473, 37, '2025-05-06', '08:00:00', '09:00:00', 'morning', 'available', '2025-04-28 07:04:58'),
(474, 37, '2025-05-06', '09:00:00', '10:00:00', 'morning', 'available', '2025-04-28 07:04:58'),
(475, 37, '2025-05-06', '10:00:00', '11:00:00', 'morning', 'available', '2025-04-28 07:04:58'),
(476, 37, '2025-05-06', '11:00:00', '12:00:00', 'morning', 'available', '2025-04-28 07:04:58'),
(477, 37, '2025-05-08', '14:00:00', '15:00:00', 'afternoon', 'available', '2025-04-28 07:04:58'),
(478, 37, '2025-05-08', '15:00:00', '16:00:00', 'afternoon', 'available', '2025-04-28 07:04:58'),
(479, 37, '2025-05-08', '16:00:00', '17:00:00', 'afternoon', 'available', '2025-04-28 07:04:58'),
(480, 37, '2025-05-08', '17:00:00', '18:00:00', 'afternoon', 'available', '2025-04-28 07:04:58'),
(481, 38, '2025-05-04', '14:00:00', '15:00:00', 'afternoon', 'available', '2025-04-28 07:04:58'),
(482, 38, '2025-05-04', '15:00:00', '16:00:00', 'afternoon', 'available', '2025-04-28 07:04:58'),
(483, 38, '2025-05-04', '16:00:00', '17:00:00', 'afternoon', 'available', '2025-04-28 07:04:58'),
(484, 38, '2025-05-04', '17:00:00', '18:00:00', 'afternoon', 'available', '2025-04-28 07:04:58'),
(485, 38, '2025-05-06', '14:00:00', '15:00:00', 'afternoon', 'available', '2025-04-28 07:04:58'),
(486, 38, '2025-05-06', '15:00:00', '16:00:00', 'afternoon', 'available', '2025-04-28 07:04:58'),
(487, 38, '2025-05-06', '16:00:00', '17:00:00', 'afternoon', 'available', '2025-04-28 07:04:58'),
(488, 38, '2025-05-06', '17:00:00', '18:00:00', 'afternoon', 'available', '2025-04-28 07:04:58'),
(489, 38, '2025-05-08', '14:00:00', '15:00:00', 'afternoon', 'available', '2025-04-28 07:04:58'),
(490, 38, '2025-05-08', '15:00:00', '16:00:00', 'afternoon', 'available', '2025-04-28 07:04:58'),
(491, 38, '2025-05-08', '16:00:00', '17:00:00', 'afternoon', 'available', '2025-04-28 07:04:58'),
(492, 38, '2025-05-08', '17:00:00', '18:00:00', 'afternoon', 'available', '2025-04-28 07:04:58'),
(493, 39, '2025-05-04', '08:00:00', '09:00:00', 'morning', 'available', '2025-04-28 07:04:58'),
(494, 39, '2025-05-04', '09:00:00', '10:00:00', 'morning', 'available', '2025-04-28 07:04:58'),
(495, 39, '2025-05-04', '10:00:00', '11:00:00', 'morning', 'available', '2025-04-28 07:04:58'),
(496, 39, '2025-05-04', '11:00:00', '12:00:00', 'morning', 'available', '2025-04-28 07:04:58'),
(497, 39, '2025-05-06', '08:00:00', '09:00:00', 'morning', 'available', '2025-04-28 07:04:58'),
(498, 39, '2025-05-06', '09:00:00', '10:00:00', 'morning', 'available', '2025-04-28 07:04:58'),
(499, 39, '2025-05-06', '10:00:00', '11:00:00', 'morning', 'available', '2025-04-28 07:04:58'),
(500, 39, '2025-05-06', '11:00:00', '12:00:00', 'morning', 'available', '2025-04-28 07:04:58'),
(501, 39, '2025-05-08', '08:00:00', '09:00:00', 'morning', 'available', '2025-04-28 07:04:58'),
(502, 39, '2025-05-08', '09:00:00', '10:00:00', 'morning', 'available', '2025-04-28 07:04:58'),
(503, 39, '2025-05-08', '10:00:00', '11:00:00', 'morning', 'available', '2025-04-28 07:04:58'),
(504, 39, '2025-05-08', '11:00:00', '12:00:00', 'morning', 'available', '2025-04-28 07:04:58'),
(505, 40, '2025-05-04', '08:00:00', '09:00:00', 'morning', 'available', '2025-04-28 07:04:58'),
(506, 40, '2025-05-04', '09:00:00', '10:00:00', 'morning', 'available', '2025-04-28 07:04:58'),
(507, 40, '2025-05-04', '10:00:00', '11:00:00', 'morning', 'available', '2025-04-28 07:04:58'),
(508, 40, '2025-05-04', '11:00:00', '12:00:00', 'morning', 'available', '2025-04-28 07:04:58'),
(509, 40, '2025-05-06', '14:00:00', '15:00:00', 'afternoon', 'available', '2025-04-28 07:04:58'),
(510, 40, '2025-05-06', '15:00:00', '16:00:00', 'afternoon', 'available', '2025-04-28 07:04:58'),
(511, 40, '2025-05-06', '16:00:00', '17:00:00', 'afternoon', 'available', '2025-04-28 07:04:58'),
(512, 40, '2025-05-06', '17:00:00', '18:00:00', 'afternoon', 'available', '2025-04-28 07:04:58'),
(513, 40, '2025-05-08', '08:00:00', '09:00:00', 'morning', 'available', '2025-04-28 07:04:58'),
(514, 40, '2025-05-08', '09:00:00', '10:00:00', 'morning', 'available', '2025-04-28 07:04:58'),
(515, 40, '2025-05-08', '10:00:00', '11:00:00', 'morning', 'available', '2025-04-28 07:04:58'),
(516, 40, '2025-05-08', '11:00:00', '12:00:00', 'morning', 'available', '2025-04-28 07:04:58'),
(517, 41, '2025-05-04', '08:00:00', '09:00:00', 'morning', 'available', '2025-04-28 07:13:26'),
(518, 41, '2025-05-04', '09:00:00', '10:00:00', 'morning', 'available', '2025-04-28 07:13:26'),
(519, 41, '2025-05-04', '10:00:00', '11:00:00', 'morning', 'available', '2025-04-28 07:13:26'),
(520, 41, '2025-05-04', '11:00:00', '12:00:00', 'morning', 'available', '2025-04-28 07:13:26'),
(521, 41, '2025-05-06', '08:00:00', '09:00:00', 'morning', 'available', '2025-04-28 07:13:26'),
(522, 41, '2025-05-06', '09:00:00', '10:00:00', 'morning', 'available', '2025-04-28 07:13:26'),
(523, 41, '2025-05-06', '10:00:00', '11:00:00', 'morning', 'available', '2025-04-28 07:13:26'),
(524, 41, '2025-05-06', '11:00:00', '12:00:00', 'morning', 'available', '2025-04-28 07:13:26'),
(525, 41, '2025-05-08', '08:00:00', '09:00:00', 'morning', 'available', '2025-04-28 07:13:26'),
(526, 41, '2025-05-08', '09:00:00', '10:00:00', 'morning', 'available', '2025-04-28 07:13:26'),
(527, 41, '2025-05-08', '10:00:00', '11:00:00', 'morning', 'booked', '2025-04-28 07:13:26');
INSERT INTO `doctor_appointments` (`id`, `doctor_id`, `appointment_date`, `start_time`, `end_time`, `shift`, `status`, `created_at`) VALUES
(528, 41, '2025-05-08', '11:00:00', '12:00:00', 'morning', 'available', '2025-04-28 07:13:26'),
(529, 42, '2025-05-04', '08:00:00', '09:00:00', 'morning', 'available', '2025-04-28 07:22:45'),
(530, 42, '2025-05-04', '09:00:00', '10:00:00', 'morning', 'available', '2025-04-28 07:22:45'),
(531, 42, '2025-05-04', '10:00:00', '11:00:00', 'morning', 'available', '2025-04-28 07:22:45'),
(532, 13, '2025-05-04', '11:00:00', '12:00:00', 'morning', 'available', '2025-04-28 07:22:45'),
(533, 13, '2025-05-04', '14:00:00', '15:00:00', 'afternoon', 'available', '2025-04-28 07:22:45'),
(534, 13, '2025-05-04', '15:00:00', '16:00:00', 'afternoon', 'available', '2025-04-28 07:22:45'),
(535, 13, '2025-05-04', '16:00:00', '17:00:00', 'afternoon', 'available', '2025-04-28 07:22:45'),
(536, 13, '2025-05-04', '17:00:00', '18:00:00', 'afternoon', 'available', '2025-04-28 07:22:45'),
(537, 13, '2025-05-08', '08:00:00', '09:00:00', 'morning', 'available', '2025-04-28 07:22:45'),
(538, 13, '2025-05-08', '09:00:00', '10:00:00', 'morning', 'available', '2025-04-28 07:22:45'),
(539, 13, '2025-05-08', '10:00:00', '11:00:00', 'morning', 'available', '2025-04-28 07:22:45'),
(540, 13, '2025-05-08', '11:00:00', '12:00:00', 'morning', 'available', '2025-04-28 07:22:45'),
(541, 13, '2025-05-08', '14:00:00', '15:00:00', 'afternoon', 'available', '2025-04-28 07:22:45'),
(542, 13, '2025-05-08', '15:00:00', '16:00:00', 'afternoon', 'available', '2025-04-28 07:22:45'),
(543, 13, '2025-05-08', '16:00:00', '17:00:00', 'afternoon', 'available', '2025-04-28 07:22:45'),
(544, 13, '2025-05-08', '17:00:00', '18:00:00', 'afternoon', 'available', '2025-04-28 07:22:45'),
(545, 43, '2025-05-09', '08:00:00', '09:00:00', 'morning', 'available', '2025-04-28 07:32:51'),
(546, 43, '2025-05-09', '09:00:00', '10:00:00', 'morning', 'booked', '2025-04-28 07:32:51'),
(547, 43, '2025-05-09', '10:00:00', '11:00:00', 'morning', 'available', '2025-04-28 07:32:51'),
(548, 43, '2025-05-09', '11:00:00', '12:00:00', 'morning', 'available', '2025-04-28 07:32:51'),
(549, 43, '2025-05-03', '14:00:00', '15:00:00', 'afternoon', 'available', '2025-04-28 07:32:51'),
(550, 43, '2025-05-03', '15:00:00', '16:00:00', 'afternoon', 'available', '2025-04-28 07:32:51'),
(551, 43, '2025-05-03', '16:00:00', '17:00:00', 'afternoon', 'available', '2025-04-28 07:32:51'),
(552, 43, '2025-05-03', '17:00:00', '18:00:00', 'afternoon', 'available', '2025-04-28 07:32:51'),
(553, 43, '2025-05-04', '08:00:00', '09:00:00', 'morning', 'available', '2025-04-28 07:32:51'),
(554, 43, '2025-05-04', '09:00:00', '10:00:00', 'morning', 'available', '2025-04-28 07:32:51'),
(555, 43, '2025-05-04', '10:00:00', '11:00:00', 'morning', 'available', '2025-04-28 07:32:51'),
(556, 43, '2025-05-04', '11:00:00', '12:00:00', 'morning', 'available', '2025-04-28 07:32:51'),
(557, 44, '2025-05-09', '08:00:00', '09:00:00', 'morning', 'booked', '2025-04-28 07:44:39'),
(558, 44, '2025-05-09', '09:00:00', '10:00:00', 'morning', 'available', '2025-04-28 07:44:39'),
(559, 44, '2025-05-09', '10:00:00', '11:00:00', 'morning', 'available', '2025-04-28 07:44:39'),
(560, 44, '2025-05-09', '11:00:00', '12:00:00', 'morning', 'available', '2025-04-28 07:44:39'),
(561, 44, '2025-05-03', '14:00:00', '15:00:00', 'afternoon', 'available', '2025-04-28 07:44:39'),
(562, 44, '2025-05-03', '15:00:00', '16:00:00', 'afternoon', 'available', '2025-04-28 07:44:39'),
(563, 44, '2025-05-03', '16:00:00', '17:00:00', 'afternoon', 'available', '2025-04-28 07:44:39'),
(564, 44, '2025-05-03', '17:00:00', '18:00:00', 'afternoon', 'available', '2025-04-28 07:44:39'),
(565, 44, '2025-05-04', '14:00:00', '15:00:00', 'afternoon', 'available', '2025-04-28 07:44:39'),
(566, 44, '2025-05-04', '15:00:00', '16:00:00', 'afternoon', 'available', '2025-04-28 07:44:39'),
(567, 44, '2025-05-04', '16:00:00', '17:00:00', 'afternoon', 'available', '2025-04-28 07:44:39'),
(568, 44, '2025-05-04', '17:00:00', '18:00:00', 'afternoon', 'available', '2025-04-28 07:44:39'),
(569, 45, '2025-05-09', '08:00:00', '09:00:00', 'morning', 'available', '2025-04-28 07:55:17'),
(570, 45, '2025-05-09', '09:00:00', '10:00:00', 'morning', 'available', '2025-04-28 07:55:17'),
(571, 45, '2025-05-09', '10:00:00', '11:00:00', 'morning', 'available', '2025-04-28 07:55:17'),
(572, 45, '2025-05-09', '11:00:00', '12:00:00', 'morning', 'available', '2025-04-28 07:55:17'),
(573, 45, '2025-05-04', '08:00:00', '09:00:00', 'morning', 'available', '2025-04-28 07:55:17'),
(574, 45, '2025-05-04', '09:00:00', '10:00:00', 'morning', 'available', '2025-04-28 07:55:17'),
(575, 45, '2025-05-04', '10:00:00', '11:00:00', 'morning', 'available', '2025-04-28 07:55:17'),
(576, 45, '2025-05-04', '11:00:00', '12:00:00', 'morning', 'available', '2025-04-28 07:55:17'),
(577, 45, '2025-05-05', '08:00:00', '09:00:00', 'morning', 'available', '2025-04-28 07:55:17'),
(578, 45, '2025-05-05', '09:00:00', '10:00:00', 'morning', 'available', '2025-04-28 07:55:17'),
(579, 45, '2025-05-05', '10:00:00', '11:00:00', 'morning', 'available', '2025-04-28 07:55:17'),
(580, 45, '2025-05-05', '11:00:00', '12:00:00', 'morning', 'available', '2025-04-28 07:55:17'),
(581, 45, '2025-05-06', '08:00:00', '09:00:00', 'morning', 'available', '2025-04-28 07:55:17'),
(582, 45, '2025-05-06', '09:00:00', '10:00:00', 'morning', 'available', '2025-04-28 07:55:17'),
(583, 45, '2025-05-06', '10:00:00', '11:00:00', 'morning', 'booked', '2025-04-28 07:55:17'),
(584, 45, '2025-05-06', '11:00:00', '12:00:00', 'morning', 'available', '2025-04-28 07:55:17'),
(585, 46, '2025-05-09', '08:00:00', '09:00:00', 'morning', 'available', '2025-04-29 14:44:20'),
(586, 46, '2025-05-09', '09:00:00', '10:00:00', 'morning', 'booked', '2025-04-29 14:44:20'),
(587, 46, '2025-05-09', '10:00:00', '11:00:00', 'morning', 'available', '2025-04-29 14:44:20'),
(588, 46, '2025-05-09', '11:00:00', '12:00:00', 'morning', 'available', '2025-04-29 14:44:20'),
(589, 46, '2025-05-03', '14:00:00', '15:00:00', 'afternoon', 'available', '2025-04-29 14:44:20'),
(590, 46, '2025-05-03', '15:00:00', '16:00:00', 'afternoon', 'booked', '2025-04-29 14:44:20'),
(591, 46, '2025-05-03', '16:00:00', '17:00:00', 'afternoon', 'booked', '2025-04-29 14:44:20'),
(592, 46, '2025-05-03', '17:00:00', '18:00:00', 'afternoon', 'available', '2025-04-29 14:44:20'),
(593, 46, '2025-05-05', '08:00:00', '09:00:00', 'morning', 'available', '2025-04-29 14:44:20'),
(594, 46, '2025-05-05', '09:00:00', '10:00:00', 'morning', 'available', '2025-04-29 14:44:20'),
(595, 46, '2025-05-05', '10:00:00', '11:00:00', 'morning', 'available', '2025-04-29 14:44:20'),
(596, 46, '2025-05-05', '11:00:00', '12:00:00', 'morning', 'available', '2025-04-29 14:44:20');

-- --------------------------------------------------------

--
-- بنية الجدول `doctor_credentials`
--

CREATE TABLE `doctor_credentials` (
  `id` int(11) NOT NULL,
  `email` varchar(255) NOT NULL,
  `password` varchar(255) NOT NULL
) ENGINE=MyISAM DEFAULT CHARSET=utf8mb4 COLLATE=utf8mb4_general_ci;

--
-- إرجاع أو استيراد بيانات الجدول `doctor_credentials`
--

INSERT INTO `doctor_credentials` (`id`, `email`, `password`) VALUES
(1, 'kambiz@example.com', '$2y$10$6WngqL4t7nJ3gL5hN5fM6eL9zJ7yK5pX4Qz4tM9yN2vT7xR3qW8zK'),
(2, 'lotfollah@example.com', '$2y$10$9XvL3pZ8nM6yK7tQ5rW9zJ4kL8mN2vP7xQ6tR5yW3zT9yV2wX8zK'),
(3, 'hamidreza@example.com', '$2y$10$8WvM4qZ9nL7yJ6tP5rX8zK3kM9nP2wQ7xR6tT5yV3zU9yW2xX8zK'),
(4, 'pegah@example.com', '$2y$10$7XvN5qA8nM6yK7tQ5rW9zJ4kL8mN2vP7xQ6tR5yW3zT9yV2wX8zK'),
(5, 'shiva@example.com', '$2y$10$6WvM4qZ9nL7yJ6tP5rX8zK3kM9nP2wQ7xR6tT5yV3zU9yW2xX8zK'),
(6, 'hamidreza2@example.com', '$2y$10$9XvL3pZ8nM6yK7tQ5rW9zJ4kL8mN2vP7xQ6tR5yW3zT9yV2wX8zK'),
(7, 'behnam@example.com', '$2y$10$8WvM4qZ9nL7yJ6tP5rX8zK3kM9nP2wQ7xR6tT5yV3zU9yW2xX8zK'),
(8, 'behrooz@example.com', '$2y$10$7XvN5qA8nM6yK7tQ5rW9zJ4kL8mN2vP7xQ6tR5yW3zT9yV2wX8zK'),
(9, 'ferdows@example.com', '$2y$10$6WvM4qZ9nL7yJ6tP5rX8zK3kM9nP2wQ7xR6tT5yV3zU9yW2xX8zK'),
(10, 'm@m.com', '$2y$10$sVptfMqBIMnhfQZNQKdH5uAkkY5tGYUhNVg.9QFF4YshC/OivlqtC'),
(12, 's@s.com', '$2y$10$nAIl48mjynH/Jhv1KOaP2u1S95DcbvCojlbdiyHJEFIAox3.DIWOu'),
(13, 'mh@mh.com', '$2y$10$6y1qQx0N/38XEPc7hk0QT.V7h/RMUl62P9DdZPcXJCyZJQpJ5k4X6'),
(14, 'n@n.com', '$2y$10$EPJm06Q0J0b.1rdLClAU0egE2XeqGsTIRBroMCFJ7FIo0qjOYfc3a'),
(15, 'z@z.com', '$2y$10$RSh4eKkejM72thHf4zii7.dXhjMcY8u1LyBmFGEtprAd8DH7JwKLu'),
(16, 'za@za.com', '$2y$10$Jy0XO30D01BIaNl1QhYGh.KEprTyLaRaTqA7PT5ftdKjTPWkXJA42'),
(17, 'd@d.com', '$2y$10$m4wQlH5COuPZIKLIX.7OH.J4sYTb98Oudm2agmH7TlkMdlY.q23ni');

-- --------------------------------------------------------

--
-- بنية الجدول `imaging_appointments`
--

CREATE TABLE `imaging_appointments` (
  `id` int(11) NOT NULL,
  `imaging_id` int(11) NOT NULL,
  `appointment_date` date NOT NULL,
  `start_time` time NOT NULL,
  `end_time` time NOT NULL,
  `status` enum('available','booked') DEFAULT 'available',
  `created_at` timestamp NOT NULL DEFAULT current_timestamp()
) ENGINE=MyISAM DEFAULT CHARSET=utf8mb4 COLLATE=utf8mb4_general_ci;

--
-- إرجاع أو استيراد بيانات الجدول `imaging_appointments`
--

INSERT INTO `imaging_appointments` (`id`, `imaging_id`, `appointment_date`, `start_time`, `end_time`, `status`, `created_at`) VALUES
(1, 1, '2025-05-09', '08:00:00', '09:00:00', 'available', '2025-04-27 19:51:05'),
(2, 1, '2025-05-09', '09:00:00', '10:00:00', 'available', '2025-04-27 19:51:05'),
(3, 1, '2025-05-09', '10:00:00', '11:00:00', 'available', '2025-04-27 19:51:05'),
(4, 1, '2025-05-09', '11:00:00', '12:00:00', 'available', '2025-04-27 19:51:05'),
(5, 1, '2025-05-09', '12:00:00', '13:00:00', 'available', '2025-04-27 19:51:05'),
(6, 1, '2025-05-09', '13:00:00', '14:00:00', 'available', '2025-04-27 19:51:05'),
(7, 1, '2025-05-03', '08:00:00', '09:00:00', 'available', '2025-04-27 19:51:05'),
(8, 1, '2025-05-03', '09:00:00', '10:00:00', 'available', '2025-04-27 19:51:05'),
(9, 1, '2025-05-03', '10:00:00', '11:00:00', 'available', '2025-04-27 19:51:05'),
(10, 1, '2025-05-03', '11:00:00', '12:00:00', 'available', '2025-04-27 19:51:05'),
(11, 1, '2025-05-03', '12:00:00', '13:00:00', 'available', '2025-04-27 19:51:05'),
(12, 1, '2025-05-03', '13:00:00', '14:00:00', 'available', '2025-04-27 19:51:05'),
(13, 1, '2025-05-04', '08:00:00', '09:00:00', 'available', '2025-04-27 19:51:05'),
(14, 1, '2025-05-04', '09:00:00', '10:00:00', 'available', '2025-04-27 19:51:05'),
(15, 1, '2025-05-04', '10:00:00', '11:00:00', 'available', '2025-04-27 19:51:05'),
(16, 1, '2025-05-04', '11:00:00', '12:00:00', 'available', '2025-04-27 19:51:05'),
(17, 1, '2025-05-04', '12:00:00', '13:00:00', 'available', '2025-04-27 19:51:05'),
(18, 1, '2025-05-04', '13:00:00', '14:00:00', 'available', '2025-04-27 19:51:05'),
(19, 1, '2025-05-05', '08:00:00', '09:00:00', 'available', '2025-04-27 19:51:05'),
(20, 1, '2025-05-05', '09:00:00', '10:00:00', 'available', '2025-04-27 19:51:05'),
(21, 1, '2025-05-05', '10:00:00', '11:00:00', 'available', '2025-04-27 19:51:05'),
(22, 1, '2025-05-05', '11:00:00', '12:00:00', 'available', '2025-04-27 19:51:05'),
(23, 1, '2025-05-05', '12:00:00', '13:00:00', 'available', '2025-04-27 19:51:05'),
(24, 1, '2025-05-05', '13:00:00', '14:00:00', 'available', '2025-04-27 19:51:05'),
(25, 1, '2025-05-06', '08:00:00', '09:00:00', 'available', '2025-04-27 19:51:05'),
(26, 1, '2025-05-06', '09:00:00', '10:00:00', 'available', '2025-04-27 19:51:05'),
(27, 1, '2025-05-06', '10:00:00', '11:00:00', 'available', '2025-04-27 19:51:05'),
(28, 1, '2025-05-06', '11:00:00', '12:00:00', 'available', '2025-04-27 19:51:05'),
(29, 1, '2025-05-06', '12:00:00', '13:00:00', 'available', '2025-04-27 19:51:05'),
(30, 1, '2025-05-06', '13:00:00', '14:00:00', 'available', '2025-04-27 19:51:05'),
(31, 2, '2025-05-09', '08:00:00', '09:00:00', 'available', '2025-04-27 19:51:05'),
(32, 2, '2025-05-09', '09:00:00', '10:00:00', 'available', '2025-04-27 19:51:05'),
(33, 2, '2025-05-09', '10:00:00', '11:00:00', 'available', '2025-04-27 19:51:05'),
(34, 2, '2025-05-09', '11:00:00', '12:00:00', 'available', '2025-04-27 19:51:06'),
(35, 2, '2025-05-09', '12:00:00', '13:00:00', 'available', '2025-04-27 19:51:06'),
(36, 2, '2025-05-09', '13:00:00', '14:00:00', 'available', '2025-04-27 19:51:06'),
(37, 2, '2025-05-03', '08:00:00', '09:00:00', 'available', '2025-04-27 19:51:06'),
(38, 2, '2025-05-03', '09:00:00', '10:00:00', 'available', '2025-04-27 19:51:06'),
(39, 2, '2025-05-03', '10:00:00', '11:00:00', 'available', '2025-04-27 19:51:06'),
(40, 2, '2025-05-03', '11:00:00', '12:00:00', 'available', '2025-04-27 19:51:06'),
(41, 2, '2025-05-03', '12:00:00', '13:00:00', 'available', '2025-04-27 19:51:06'),
(42, 2, '2025-05-03', '13:00:00', '14:00:00', 'available', '2025-04-27 19:51:06'),
(43, 2, '2025-05-04', '08:00:00', '09:00:00', 'available', '2025-04-27 19:51:06'),
(44, 2, '2025-05-04', '09:00:00', '10:00:00', 'available', '2025-04-27 19:51:06'),
(45, 2, '2025-05-04', '10:00:00', '11:00:00', 'available', '2025-04-27 19:51:06'),
(46, 2, '2025-05-04', '11:00:00', '12:00:00', 'available', '2025-04-27 19:51:06'),
(47, 2, '2025-05-04', '12:00:00', '13:00:00', 'available', '2025-04-27 19:51:06'),
(48, 2, '2025-05-04', '13:00:00', '14:00:00', 'available', '2025-04-27 19:51:06'),
(49, 2, '2025-05-05', '08:00:00', '09:00:00', 'available', '2025-04-27 19:51:06'),
(50, 2, '2025-05-05', '09:00:00', '10:00:00', 'available', '2025-04-27 19:51:06'),
(51, 2, '2025-05-05', '10:00:00', '11:00:00', 'available', '2025-04-27 19:51:06'),
(52, 2, '2025-05-05', '11:00:00', '12:00:00', 'booked', '2025-04-27 19:51:06'),
(53, 2, '2025-05-05', '12:00:00', '13:00:00', 'available', '2025-04-27 19:51:06'),
(54, 2, '2025-05-05', '13:00:00', '14:00:00', 'available', '2025-04-27 19:51:06'),
(55, 2, '2025-05-06', '08:00:00', '09:00:00', 'available', '2025-04-27 19:51:06'),
(56, 2, '2025-05-06', '09:00:00', '10:00:00', 'available', '2025-04-27 19:51:06'),
(57, 2, '2025-05-06', '10:00:00', '11:00:00', 'available', '2025-04-27 19:51:06'),
(58, 2, '2025-05-06', '11:00:00', '12:00:00', 'available', '2025-04-27 19:51:06'),
(59, 2, '2025-05-06', '12:00:00', '13:00:00', 'available', '2025-04-27 19:51:06'),
(60, 2, '2025-05-06', '13:00:00', '14:00:00', 'available', '2025-04-27 19:51:06'),
(61, 1, '2025-05-09', '08:00:00', '09:00:00', 'available', '2025-04-27 19:59:54'),
(62, 1, '2025-05-09', '09:00:00', '10:00:00', 'available', '2025-04-27 19:59:54'),
(63, 1, '2025-05-09', '10:00:00', '11:00:00', 'available', '2025-04-27 19:59:54'),
(64, 1, '2025-05-09', '11:00:00', '12:00:00', 'available', '2025-04-27 19:59:54'),
(65, 1, '2025-05-09', '12:00:00', '13:00:00', 'available', '2025-04-27 19:59:54'),
(66, 1, '2025-05-09', '13:00:00', '14:00:00', 'available', '2025-04-27 19:59:54'),
(67, 1, '2025-05-03', '08:00:00', '09:00:00', 'available', '2025-04-27 19:59:54'),
(68, 1, '2025-05-03', '09:00:00', '10:00:00', 'available', '2025-04-27 19:59:54'),
(69, 1, '2025-05-03', '10:00:00', '11:00:00', 'available', '2025-04-27 19:59:54'),
(70, 1, '2025-05-03', '11:00:00', '12:00:00', 'available', '2025-04-27 19:59:54'),
(71, 1, '2025-05-03', '12:00:00', '13:00:00', 'available', '2025-04-27 19:59:54'),
(72, 1, '2025-05-03', '13:00:00', '14:00:00', 'available', '2025-04-27 19:59:54'),
(73, 1, '2025-05-04', '08:00:00', '09:00:00', 'available', '2025-04-27 19:59:54'),
(74, 1, '2025-05-04', '09:00:00', '10:00:00', 'available', '2025-04-27 19:59:54'),
(75, 1, '2025-05-04', '10:00:00', '11:00:00', 'available', '2025-04-27 19:59:54'),
(76, 1, '2025-05-04', '11:00:00', '12:00:00', 'available', '2025-04-27 19:59:54'),
(77, 1, '2025-05-04', '12:00:00', '13:00:00', 'available', '2025-04-27 19:59:54'),
(78, 1, '2025-05-04', '13:00:00', '14:00:00', 'available', '2025-04-27 19:59:54'),
(79, 1, '2025-05-05', '08:00:00', '09:00:00', 'available', '2025-04-27 19:59:54'),
(80, 1, '2025-05-05', '09:00:00', '10:00:00', 'available', '2025-04-27 19:59:54'),
(81, 1, '2025-05-05', '10:00:00', '11:00:00', 'available', '2025-04-27 19:59:54'),
(82, 1, '2025-05-05', '11:00:00', '12:00:00', 'available', '2025-04-27 19:59:54'),
(83, 1, '2025-05-05', '12:00:00', '13:00:00', 'available', '2025-04-27 19:59:54'),
(84, 1, '2025-05-05', '13:00:00', '14:00:00', 'available', '2025-04-27 19:59:54'),
(85, 1, '2025-05-06', '08:00:00', '09:00:00', 'available', '2025-04-27 19:59:54'),
(86, 1, '2025-05-06', '09:00:00', '10:00:00', 'available', '2025-04-27 19:59:54'),
(87, 1, '2025-05-06', '10:00:00', '11:00:00', 'available', '2025-04-27 19:59:54'),
(88, 1, '2025-05-06', '11:00:00', '12:00:00', 'available', '2025-04-27 19:59:54'),
(89, 1, '2025-05-06', '12:00:00', '13:00:00', 'available', '2025-04-27 19:59:54'),
(90, 1, '2025-05-06', '13:00:00', '14:00:00', 'available', '2025-04-27 19:59:54'),
(91, 2, '2025-05-09', '08:00:00', '09:00:00', 'available', '2025-04-27 19:59:54'),
(92, 2, '2025-05-09', '09:00:00', '10:00:00', 'available', '2025-04-27 19:59:54'),
(93, 2, '2025-05-09', '10:00:00', '11:00:00', 'available', '2025-04-27 19:59:54'),
(94, 2, '2025-05-09', '11:00:00', '12:00:00', 'available', '2025-04-27 19:59:54'),
(95, 2, '2025-05-09', '12:00:00', '13:00:00', 'available', '2025-04-27 19:59:54'),
(96, 2, '2025-05-09', '13:00:00', '14:00:00', 'available', '2025-04-27 19:59:54'),
(97, 2, '2025-05-03', '08:00:00', '09:00:00', 'available', '2025-04-27 19:59:54'),
(98, 2, '2025-05-03', '09:00:00', '10:00:00', 'available', '2025-04-27 19:59:54'),
(99, 2, '2025-05-03', '10:00:00', '11:00:00', 'available', '2025-04-27 19:59:54'),
(100, 2, '2025-05-03', '11:00:00', '12:00:00', 'available', '2025-04-27 19:59:54'),
(101, 2, '2025-05-03', '12:00:00', '13:00:00', 'available', '2025-04-27 19:59:54'),
(102, 2, '2025-05-03', '13:00:00', '14:00:00', 'available', '2025-04-27 19:59:54'),
(103, 2, '2025-05-04', '08:00:00', '09:00:00', 'available', '2025-04-27 19:59:54'),
(104, 2, '2025-05-04', '09:00:00', '10:00:00', 'available', '2025-04-27 19:59:54'),
(105, 2, '2025-05-04', '10:00:00', '11:00:00', 'available', '2025-04-27 19:59:54'),
(106, 2, '2025-05-04', '11:00:00', '12:00:00', 'available', '2025-04-27 19:59:54'),
(107, 2, '2025-05-04', '12:00:00', '13:00:00', 'available', '2025-04-27 19:59:54'),
(108, 2, '2025-05-04', '13:00:00', '14:00:00', 'available', '2025-04-27 19:59:54'),
(109, 2, '2025-05-05', '08:00:00', '09:00:00', 'available', '2025-04-27 19:59:54'),
(110, 2, '2025-05-05', '09:00:00', '10:00:00', 'available', '2025-04-27 19:59:54'),
(111, 2, '2025-05-05', '10:00:00', '11:00:00', 'available', '2025-04-27 19:59:54'),
(112, 2, '2025-05-05', '11:00:00', '12:00:00', 'available', '2025-04-27 19:59:54'),
(113, 2, '2025-05-05', '12:00:00', '13:00:00', 'available', '2025-04-27 19:59:54'),
(114, 2, '2025-05-05', '13:00:00', '14:00:00', 'available', '2025-04-27 19:59:54'),
(115, 2, '2025-05-06', '08:00:00', '09:00:00', 'available', '2025-04-27 19:59:54'),
(116, 2, '2025-05-06', '09:00:00', '10:00:00', 'available', '2025-04-27 19:59:54'),
(117, 2, '2025-05-06', '10:00:00', '11:00:00', 'available', '2025-04-27 19:59:54'),
(118, 2, '2025-05-06', '11:00:00', '12:00:00', 'available', '2025-04-27 19:59:54'),
(119, 2, '2025-05-06', '12:00:00', '13:00:00', 'available', '2025-04-27 19:59:54'),
(120, 2, '2025-05-06', '13:00:00', '14:00:00', 'available', '2025-04-27 19:59:54');

-- --------------------------------------------------------

--
-- بنية الجدول `imaging_centers`
--

CREATE TABLE `imaging_centers` (
  `id` int(11) NOT NULL,
  `name` varchar(255) NOT NULL,
  `image` varchar(255) NOT NULL,
  `address` varchar(255) NOT NULL,
  `description` text DEFAULT NULL,
  `city_id` int(11) NOT NULL
) ENGINE=MyISAM DEFAULT CHARSET=utf8mb4 COLLATE=utf8mb4_unicode_ci;

--
-- إرجاع أو استيراد بيانات الجدول `imaging_centers`
--

INSERT INTO `imaging_centers` (`id`, `name`, `image`, `address`, `description`, `city_id`) VALUES
(1, 'تصویر برداری پزشکی آذر آبادگان', 'https://statics.doctoreto.com/preset:sharp/resize:fill:180:180:0/gravity:sm/plain/s3://drto/avatar/place/2024/9/hKyCKbs8fkbXpCeH3oWkM1ftv7FzA9pNIWn916tT.jpg', 'شيراز، خیابان زند', 'تخصص رادیولوژی (تصویربرداری)', 2),
(2, 'مرکز تصویربرداری پزشکی توسکا', 'https://statics.doctoreto.com/preset:sharp/resize:fill:180:180:0/gravity:sm/plain/s3://drto/avatar/place/2024/8/1fF7flGBWSGlaj2Tc393Q30dfTkWY17VToJQkLyG.jpg', 'تهران، خیابان انقلاب', 'تخصص رادیولوژی (تصویربرداری)', 3);

-- --------------------------------------------------------

--
-- بنية الجدول `laboratories`
--

CREATE TABLE `laboratories` (
  `id` int(11) NOT NULL,
  `name` varchar(255) NOT NULL,
  `image` varchar(255) NOT NULL,
  `address` varchar(255) NOT NULL,
  `description` text DEFAULT NULL,
  `city_id` int(11) NOT NULL
) ENGINE=MyISAM DEFAULT CHARSET=utf8mb4 COLLATE=utf8mb4_unicode_ci;

--
-- إرجاع أو استيراد بيانات الجدول `laboratories`
--

INSERT INTO `laboratories` (`id`, `name`, `image`, `address`, `description`, `city_id`) VALUES
(1, 'آزمایشگاه پارس', 'https://statics.doctoreto.com/preset:sharp/resize:fill:180:180:0/gravity:sm/plain/s3://drto/avatar/place/2025/4/oL4MaWWP2sB3FMpbB7CZEGAfWOI84gEW4vBjsySz.jpg', 'اصفهان، خیابان چهارباغ', 'آزمایشگاه تخصصی با تجهیزات مدرن', 1),
(2, 'آزمایشگاه سلامت', 'https://statics.doctoreto.com/preset:sharp/resize:fill:180:180:0/gravity:sm/plain/s3://drto/avatar/place/2024/10/z2kvvSwSfvlIb1D3CCW9F0QvcsP7tkKyVIYb6Nkg.jpg', 'شيراز، خیابان زند', 'تخصص پاتولوژی (آسیب شناسی)', 2);

-- --------------------------------------------------------

--
-- بنية الجدول `lab_appointments`
--

CREATE TABLE `lab_appointments` (
  `id` int(11) NOT NULL,
  `lab_id` int(11) NOT NULL,
  `appointment_date` date NOT NULL,
  `start_time` time NOT NULL,
  `end_time` time NOT NULL,
  `status` enum('available','booked') DEFAULT 'available',
  `created_at` timestamp NOT NULL DEFAULT current_timestamp()
) ENGINE=MyISAM DEFAULT CHARSET=utf8mb4 COLLATE=utf8mb4_general_ci;

--
-- إرجاع أو استيراد بيانات الجدول `lab_appointments`
--

INSERT INTO `lab_appointments` (`id`, `lab_id`, `appointment_date`, `start_time`, `end_time`, `status`, `created_at`) VALUES
(1, 1, '2025-05-09', '08:00:00', '09:00:00', 'available', '2025-04-27 19:30:09'),
(2, 1, '2025-05-09', '09:00:00', '10:00:00', 'booked', '2025-04-27 19:30:09'),
(3, 1, '2025-05-09', '10:00:00', '11:00:00', 'available', '2025-04-27 19:30:09'),
(4, 1, '2025-05-09', '11:00:00', '12:00:00', 'available', '2025-04-27 19:30:09'),
(5, 1, '2025-05-09', '12:00:00', '13:00:00', 'available', '2025-04-27 19:30:09'),
(6, 1, '2025-05-09', '13:00:00', '14:00:00', 'available', '2025-04-27 19:30:09'),
(7, 1, '2025-05-03', '08:00:00', '09:00:00', 'available', '2025-04-27 19:30:09'),
(8, 1, '2025-05-03', '09:00:00', '10:00:00', 'available', '2025-04-27 19:30:09'),
(9, 1, '2025-05-03', '10:00:00', '11:00:00', 'available', '2025-04-27 19:30:09'),
(10, 1, '2025-05-03', '11:00:00', '12:00:00', 'available', '2025-04-27 19:30:09'),
(11, 1, '2025-05-03', '12:00:00', '13:00:00', 'available', '2025-04-27 19:30:09'),
(12, 1, '2025-05-03', '13:00:00', '14:00:00', 'available', '2025-04-27 19:30:09'),
(13, 1, '2025-05-04', '08:00:00', '09:00:00', 'booked', '2025-04-27 19:30:09'),
(14, 1, '2025-05-04', '09:00:00', '10:00:00', 'available', '2025-04-27 19:30:09'),
(15, 1, '2025-05-04', '10:00:00', '11:00:00', 'available', '2025-04-27 19:30:09'),
(16, 1, '2025-05-04', '11:00:00', '12:00:00', 'available', '2025-04-27 19:30:09'),
(17, 1, '2025-05-04', '12:00:00', '13:00:00', 'available', '2025-04-27 19:30:09'),
(18, 1, '2025-05-04', '13:00:00', '14:00:00', 'available', '2025-04-27 19:30:09'),
(19, 1, '2025-05-05', '08:00:00', '09:00:00', 'available', '2025-04-27 19:30:09'),
(20, 1, '2025-05-05', '09:00:00', '10:00:00', 'available', '2025-04-27 19:30:09'),
(21, 1, '2025-05-05', '10:00:00', '11:00:00', 'available', '2025-04-27 19:30:09'),
(22, 1, '2025-05-05', '11:00:00', '12:00:00', 'available', '2025-04-27 19:30:09'),
(23, 1, '2025-05-05', '12:00:00', '13:00:00', 'available', '2025-04-27 19:30:09'),
(24, 1, '2025-05-05', '13:00:00', '14:00:00', 'available', '2025-04-27 19:30:09'),
(25, 1, '2025-05-06', '08:00:00', '09:00:00', 'available', '2025-04-27 19:30:09'),
(26, 1, '2025-05-06', '09:00:00', '10:00:00', 'available', '2025-04-27 19:30:09'),
(27, 1, '2025-05-06', '10:00:00', '11:00:00', 'available', '2025-04-27 19:30:09'),
(28, 1, '2025-05-06', '11:00:00', '12:00:00', 'available', '2025-04-27 19:30:09'),
(29, 1, '2025-05-06', '12:00:00', '13:00:00', 'available', '2025-04-27 19:30:09'),
(30, 1, '2025-05-06', '13:00:00', '14:00:00', 'available', '2025-04-27 19:30:09'),
(31, 2, '2025-05-09', '08:00:00', '09:00:00', 'available', '2025-04-27 19:30:09'),
(32, 2, '2025-05-09', '09:00:00', '10:00:00', 'available', '2025-04-27 19:30:09'),
(33, 2, '2025-05-09', '10:00:00', '11:00:00', 'available', '2025-04-27 19:30:09'),
(34, 2, '2025-05-09', '11:00:00', '12:00:00', 'available', '2025-04-27 19:30:09'),
(35, 2, '2025-05-09', '12:00:00', '13:00:00', 'available', '2025-04-27 19:30:09'),
(36, 2, '2025-05-09', '13:00:00', '14:00:00', 'available', '2025-04-27 19:30:09'),
(37, 2, '2025-05-03', '08:00:00', '09:00:00', 'available', '2025-04-27 19:30:09'),
(38, 2, '2025-05-03', '09:00:00', '10:00:00', 'available', '2025-04-27 19:30:09'),
(39, 2, '2025-05-03', '10:00:00', '11:00:00', 'available', '2025-04-27 19:30:09'),
(40, 2, '2025-05-03', '11:00:00', '12:00:00', 'available', '2025-04-27 19:30:09'),
(41, 2, '2025-05-03', '12:00:00', '13:00:00', 'available', '2025-04-27 19:30:09'),
(42, 2, '2025-05-03', '13:00:00', '14:00:00', 'available', '2025-04-27 19:30:09'),
(43, 2, '2025-05-04', '08:00:00', '09:00:00', 'available', '2025-04-27 19:30:09'),
(44, 2, '2025-05-04', '09:00:00', '10:00:00', 'available', '2025-04-27 19:30:09'),
(45, 2, '2025-05-04', '10:00:00', '11:00:00', 'available', '2025-04-27 19:30:09'),
(46, 2, '2025-05-04', '11:00:00', '12:00:00', 'available', '2025-04-27 19:30:09'),
(47, 2, '2025-05-04', '12:00:00', '13:00:00', 'available', '2025-04-27 19:30:09'),
(48, 2, '2025-05-04', '13:00:00', '14:00:00', 'available', '2025-04-27 19:30:09'),
(49, 2, '2025-05-05', '08:00:00', '09:00:00', 'available', '2025-04-27 19:30:09'),
(50, 2, '2025-05-05', '09:00:00', '10:00:00', 'available', '2025-04-27 19:30:09'),
(51, 2, '2025-05-05', '10:00:00', '11:00:00', 'available', '2025-04-27 19:30:09'),
(52, 2, '2025-05-05', '11:00:00', '12:00:00', 'available', '2025-04-27 19:30:09'),
(53, 2, '2025-05-05', '12:00:00', '13:00:00', 'available', '2025-04-27 19:30:09'),
(54, 2, '2025-05-05', '13:00:00', '14:00:00', 'available', '2025-04-27 19:30:09'),
(55, 2, '2025-05-06', '08:00:00', '09:00:00', 'available', '2025-04-27 19:30:09'),
(56, 2, '2025-05-06', '09:00:00', '10:00:00', 'available', '2025-04-27 19:30:09'),
(57, 2, '2025-05-06', '10:00:00', '11:00:00', 'available', '2025-04-27 19:30:09'),
(58, 2, '2025-05-06', '11:00:00', '12:00:00', 'available', '2025-04-27 19:30:09'),
(59, 2, '2025-05-06', '12:00:00', '13:00:00', 'available', '2025-04-27 19:30:09'),
(60, 2, '2025-05-06', '13:00:00', '14:00:00', 'available', '2025-04-27 19:30:09');

-- --------------------------------------------------------

--
-- بنية الجدول `specialties`
--

CREATE TABLE `specialties` (
  `id` int(11) NOT NULL,
  `name` varchar(255) NOT NULL,
  `image` varchar(255) NOT NULL
) ENGINE=InnoDB DEFAULT CHARSET=utf8mb4 COLLATE=utf8mb4_general_ci;

--
-- إرجاع أو استيراد بيانات الجدول `specialties`
--

INSERT INTO `specialties` (`id`, `name`, `image`) VALUES
(1, 'دندانپزشک', 'https://i.postimg.cc/ht77Np35/1-removebg-preview.png'),
(2, 'گوش، حلق و بینی', 'https://i.postimg.cc/yYR1Htsc/Screenshot-2025-03-15-173937-removebg-preview.png'),
(3, 'پوست و مو', 'https://i.postimg.cc/kMyQnNdg/Screenshot-2025-03-15-172022-1-removebg-preview.png'),
(4, 'تصویربرداری (رادیولوژی)', 'https://i.postimg.cc/3xqjsKQj/Screenshot-2025-03-15-172004-1-removebg-preview.png'),
(5, 'اورولوژی', 'https://i.postimg.cc/zfXBFhc0/Screenshot-2025-03-15-174154-removebg-preview.png'),
(6, 'قلب و عروق', 'https://i.postimg.cc/NfS5YLL0/Screenshot-2025-03-15-174123-removebg-preview.png'),
(7, 'كبد', 'https://i.postimg.cc/qBQKfk8t/Screenshot-2025-03-15-174039-removebg-preview.png'),
(8, 'مغز و اعصاب (نورولوژی)', 'https://i.postimg.cc/gkHmtJR5/Screenshot-2025-03-15-174206-removebg-preview.png'),
(9, 'اعصاب و روان (روانپزشکی)', 'https://i.postimg.cc/15HJjhzM/123-1-removebg-preview.png'),
(10, 'چشم پزشکی', 'https://i.postimg.cc/h45vgVxW/Screenshot-2025-03-15-173954-removebg-preview.png'),
(11, 'زنان و زایمان و نازایی', 'https://i.postimg.cc/XvV300KJ/Screenshot-2025-03-15-174136-removebg-preview.png'),
(12, 'زیبایی', 'https://i.postimg.cc/Y0shsWN7/Screenshot-2025-03-15-174009-removebg-preview.png'),
(13, 'ريه', 'https://i.postimg.cc/KYnK0FG8/Screenshot-2025-03-15-174049-removebg-preview.png'),
(14, 'ارتوپدی', 'https://i.postimg.cc/02Fd3ksY/Screenshot-2025-03-15-174229-removebg-preview.png'),
(15, 'خون وسرطان', 'https://i.postimg.cc/XvF5td83/Screenshot-2025-03-15-172043-removebg-preview.png'),
(16, 'گوارش', 'https://i.postimg.cc/26G1fwBp/Screenshot-2025-03-15-174106-removebg-preview.png');

-- --------------------------------------------------------

--
-- بنية الجدول `users`
--

CREATE TABLE `users` (
  `id` int(11) NOT NULL,
  `username` varchar(50) NOT NULL,
  `email` varchar(100) NOT NULL,
  `password` varchar(255) NOT NULL,
  `full_name` varchar(100) DEFAULT NULL,
  `phone` varchar(20) DEFAULT NULL,
  `address` text DEFAULT NULL,
  `created_at` timestamp NOT NULL DEFAULT current_timestamp(),
  `national_id` varchar(20) DEFAULT NULL,
  `insurance_number` varchar(50) DEFAULT NULL
) ENGINE=MyISAM DEFAULT CHARSET=utf8mb4 COLLATE=utf8mb4_unicode_ci;

--
-- إرجاع أو استيراد بيانات الجدول `users`
--

INSERT INTO `users` (`id`, `username`, `email`, `password`, `full_name`, `phone`, `address`, `created_at`, `national_id`, `insurance_number`) VALUES
(1, 'ali_reza', 'ali.reza@example.com', '$2y$10$6yL2fQz3z5n3v2Y7z8x8uO7q6z3w9v8y7u6t5r4e3w2q1', 'علی رضا', '09123456789', 'تهران، خیابان ولیعصر', '2025-04-27 10:59:29', NULL, NULL),
(2, 'maryam_h', 'maryam.h@example.com', '$2y$10$8x9y0z1a2b3c4d5e6f7g8h9i0j1k2l3m4n5o6p7q', 'مریم حسینی', '09387654321', 'اصفهان، خیابان چهارباغ', '2025-04-27 10:59:29', NULL, NULL),
(3, 'hassan_k', 'hassan.k@example.com', '$2y$10$a1b2c3d4e5f6g7h8i9j0k1l2m3n4o5p6q7r8s9t0u', 'حسن کاظمی', '09211234567', 'شیراز، خیابان زند', '2025-04-27 10:59:29', NULL, NULL),
(4, 'ahmad', 'ahmadskassir@gmail.com', '$2y$10$6yL2fQz3z5n3v2Y7z8x8uO7q6z3w9v8y7u6t5r4e3w2q1', 'ahmad kassir', '09306961235', 'isfahan', '2025-04-27 11:15:55', NULL, NULL),
(5, 'ahmad kassir', 'ahmadskassir2@gmail.com', '$2y$10$C0Qvs8RDNS9KF0bF57Y/gO60dcmhWQ.bUkfD6Wus/poMFSdt1C7TG', 'ahmad kassir', '09306961235', 'isfahan', '2025-04-27 11:30:13', '3474780761', '28372732'),
(6, 'ahmadk', 'ahmad-ka100@hotmail.com', '$2y$10$XpbCzPgc/.IroHYz356iqeLG2VgODcoAcHgNCht0Fqe3gtpnf92Ku', 'ahmad kassir', '09306961235', 'isfahan', '2025-04-29 14:38:49', NULL, NULL),
(7, 'ahmadka', 'ahmad-ka1000@hotmail.com', '$2y$10$wS7k5qLj6iOWRy5NIcvgGei8uaY3sYdlYYhtaGZB/mpTZn6nLNKBi', 'ahmad kassir', '09306961235', 'isfahan', '2025-04-29 14:40:44', '1234567', '234');

--
-- Indexes for dumped tables
--

--
-- Indexes for table `bookings`
--
ALTER TABLE `bookings`
  ADD PRIMARY KEY (`id`),
  ADD KEY `user_id` (`user_id`),
  ADD KEY `fk_bookings_doctors` (`doctor_id`);

--
-- Indexes for table `cities`
--
ALTER TABLE `cities`
  ADD PRIMARY KEY (`id`);

--
-- Indexes for table `clinics`
--
ALTER TABLE `clinics`
  ADD PRIMARY KEY (`id`),
  ADD KEY `city_id` (`city_id`);

--
-- Indexes for table `clinic_appointments`
--
ALTER TABLE `clinic_appointments`
  ADD PRIMARY KEY (`id`),
  ADD KEY `clinic_id` (`clinic_id`);

--
-- Indexes for table `doctors`
--
ALTER TABLE `doctors`
  ADD PRIMARY KEY (`id`);

--
-- Indexes for table `doctor_appointments`
--
ALTER TABLE `doctor_appointments`
  ADD PRIMARY KEY (`id`),
  ADD KEY `doctor_id` (`doctor_id`);

--
-- Indexes for table `doctor_credentials`
--
ALTER TABLE `doctor_credentials`
  ADD PRIMARY KEY (`id`),
  ADD UNIQUE KEY `email` (`email`) USING HASH;

--
-- Indexes for table `imaging_appointments`
--
ALTER TABLE `imaging_appointments`
  ADD PRIMARY KEY (`id`),
  ADD KEY `imaging_id` (`imaging_id`);

--
-- Indexes for table `imaging_centers`
--
ALTER TABLE `imaging_centers`
  ADD PRIMARY KEY (`id`),
  ADD KEY `city_id` (`city_id`);

--
-- Indexes for table `laboratories`
--
ALTER TABLE `laboratories`
  ADD PRIMARY KEY (`id`),
  ADD KEY `city_id` (`city_id`);

--
-- Indexes for table `lab_appointments`
--
ALTER TABLE `lab_appointments`
  ADD PRIMARY KEY (`id`),
  ADD KEY `lab_id` (`lab_id`);

--
-- Indexes for table `specialties`
--
ALTER TABLE `specialties`
  ADD PRIMARY KEY (`id`);

--
-- Indexes for table `users`
--
ALTER TABLE `users`
  ADD PRIMARY KEY (`id`),
  ADD UNIQUE KEY `username` (`username`),
  ADD UNIQUE KEY `email` (`email`);

--
-- AUTO_INCREMENT for dumped tables
--

--
-- AUTO_INCREMENT for table `bookings`
--
ALTER TABLE `bookings`
  MODIFY `id` int(11) NOT NULL AUTO_INCREMENT, AUTO_INCREMENT=21;

--
-- AUTO_INCREMENT for table `cities`
--
ALTER TABLE `cities`
  MODIFY `id` int(11) NOT NULL AUTO_INCREMENT, AUTO_INCREMENT=20;

--
-- AUTO_INCREMENT for table `clinics`
--
ALTER TABLE `clinics`
  MODIFY `id` int(11) NOT NULL AUTO_INCREMENT, AUTO_INCREMENT=3;

--
-- AUTO_INCREMENT for table `clinic_appointments`
--
ALTER TABLE `clinic_appointments`
  MODIFY `id` int(11) NOT NULL AUTO_INCREMENT, AUTO_INCREMENT=61;

--
-- AUTO_INCREMENT for table `doctors`
--
ALTER TABLE `doctors`
  MODIFY `id` int(11) NOT NULL AUTO_INCREMENT, AUTO_INCREMENT=47;

--
-- AUTO_INCREMENT for table `doctor_appointments`
--
ALTER TABLE `doctor_appointments`
  MODIFY `id` int(11) NOT NULL AUTO_INCREMENT, AUTO_INCREMENT=597;

--
-- AUTO_INCREMENT for table `doctor_credentials`
--
ALTER TABLE `doctor_credentials`
  MODIFY `id` int(11) NOT NULL AUTO_INCREMENT, AUTO_INCREMENT=18;

--
-- AUTO_INCREMENT for table `imaging_appointments`
--
ALTER TABLE `imaging_appointments`
  MODIFY `id` int(11) NOT NULL AUTO_INCREMENT, AUTO_INCREMENT=121;

--
-- AUTO_INCREMENT for table `imaging_centers`
--
ALTER TABLE `imaging_centers`
  MODIFY `id` int(11) NOT NULL AUTO_INCREMENT, AUTO_INCREMENT=3;

--
-- AUTO_INCREMENT for table `laboratories`
--
ALTER TABLE `laboratories`
  MODIFY `id` int(11) NOT NULL AUTO_INCREMENT, AUTO_INCREMENT=3;

--
-- AUTO_INCREMENT for table `lab_appointments`
--
ALTER TABLE `lab_appointments`
  MODIFY `id` int(11) NOT NULL AUTO_INCREMENT, AUTO_INCREMENT=61;

--
-- AUTO_INCREMENT for table `specialties`
--
ALTER TABLE `specialties`
  MODIFY `id` int(11) NOT NULL AUTO_INCREMENT, AUTO_INCREMENT=17;

--
-- AUTO_INCREMENT for table `users`
--
ALTER TABLE `users`
  MODIFY `id` int(11) NOT NULL AUTO_INCREMENT, AUTO_INCREMENT=8;
COMMIT;

/*!40101 SET CHARACTER_SET_CLIENT=@OLD_CHARACTER_SET_CLIENT */;
/*!40101 SET CHARACTER_SET_RESULTS=@OLD_CHARACTER_SET_RESULTS */;
/*!40101 SET COLLATION_CONNECTION=@OLD_COLLATION_CONNECTION */;
